Cruise,Station,Target Asset,Start Latitude [degrees],Start Longitude [degrees],Start Time [UTC],Cast,Cast Flag,Bottom Depth at Start Position [m],CTD File,CTD File Flag,Niskin/Bottle Position,Niskin Flag,CTD Bottle Closure Time [UTC],CTD Pressure [db],CTD Pressure Flag,CTD Depth [m],CTD Latitude [deg],CTD Longitude [deg],CTD Temperature 1 [deg C],CTD Temperature 1 Flag,CTD Temperature 2 [deg C],CTD Temperature 2 Flag,CTD Conductivity 1 [S/m],CTD Conductivity 1 Flag,CTD Conductivity 2 [S/m],CTD Conductivity 2 Flag,CTD Salinity 1 [psu],CTD Salinity 2 [psu],CTD Oxygen [mL/L],CTD Oxygen Flag,CTD Oxygen Saturation [mL/L],CTD Fluorescence [mg/m^3],CTD Fluorescence Flag,CTD Beam Attenuation [1/m],CTD Beam Transmission [%],CTD Transmissometer Flag,CTD pH,CTD pH Flag,Discrete Oxygen [mL/L],Discrete Oxygen Flag,Discrete Oxygen Replicate Flag,Discrete Chlorophyll [ug/L],Discrete Phaeopigment [ug/L],Discrete Fo/Fa Ratio,Discrete Fluorescence Flag,Discrete Fluorescence Replicate Flag,Discrete Phosphate [uM],Discrete Silicate [uM],Discrete Nitrate [uM],Discrete Nitrite [uM],Discrete Ammonium [uM],Discrete Nutrients Flag,Discrete Nutrients Replicate Flag,Discrete Salinity [psu],Discrete Salinity Flag,Discrete Salinity Replicate Flag,Discrete Alkalinity [umol/kg],Discrete Alkalinity Flag,Discrete Alkalinity Replicate Flag,Discrete DIC [umol/kg],Discrete DIC Flag,Discrete DIC Replicate Flag,Discrete pCO2 [uatm],pCO2 Analysis Temp [deg C],Discrete pCO2 Flag,Discrete pCO2 Replicate Flag,Discrete pH [Total scale],pH Analysis Temp [deg C],Discrete pH Flag,Discrete pH Replicate Flag,Calculated Alkalinity [umol/kg],Calculated DIC [umol/kg],Calculated pCO2 [uatm],Calculated pH,Calculated CO2aq [umol/kg],Calculated Bicarb [umol/kg],Calculated CO3 [umol/kg],Calculated Omega-C,Calculated Omega-A
TN393,Axial Base Shallow Profiler - 500 m NW,"RS03AXPS,RS03AXPD",45.833333333333336,-129.75733333333332,2021-08-03T01:25:44.000Z,CTD-001,*0000000000000100,2644,TN393_CTD-001,*0000000000000100,1,*0000000000000100,2021-08-03T01:39:41.000Z,221.888,*0000000001000000,219.951,45.83332,-129.75736,6.7931,*0000000000000100,6.7941,*0000000000000100,3.412882,*0000000010000100,3.412739,*0000000010000100,33.8233,33.8207,8.0439,*0000000010000100,6.83597,44.9966,*0000000000000100,-0.2572,106.6422,*0000000000000100,7.771,*0000000010000100,3.398674312296323,*0000000000000100,*0000000000000100,-9999999,-9999999,-9999999,-9999999,-9999999,1.9225173180555553,31.64621489513889,26.618845824305552,0.02996342152777779,0,*0000000000000100,*0000000000000100,33.84997768344289,*0000000000000100,*0000000000000100,-9999999,-9999999,-9999999,2209.75,*0000000000000100,*0000000000000100,684.39,22.9,*0000000000000100,*0000000000000100,-9999999,-9999999,-9999999,-9999999,2287.55,-9999999,-9999999,7.818,33.72,2102.7,73.32,1.633,1.057
TN393,Axial Base Shallow Profiler - 500 m NW,"RS03AXPS,RS03AXPD",45.833333333333336,-129.75733333333332,2021-08-03T01:25:44.000Z,CTD-001,*0000000000000100,2644,TN393_CTD-001,*0000000000000100,3,*0000000000000100,2021-08-03T01:44:05.000Z,201.735,*0000000001000000,199.985,45.83332,-129.75734,6.9849,*0000000000000100,6.9899,*0000000000000100,3.423082,*0000000000000100,3.423231,*0000000000000100,33.7568,33.7535,8.2387,*0000000000000100,6.80887,44.9492,*0000000000000100,-0.2598,106.7084,*0000000000000100,7.795,*0000000010000100,-9999999,-9999999,-9999999,-9999999,-9999999,-9999999,-9999999,-9999999,1.8476736848072561,28.821709061507935,25.153144819331064,0.03137556400226757,0,*0000000000000100,*0000000000000100,-9999999,-9999999,-9999999,-9999999,-9999999,-9999999,2224.13,*0000000000000100,*0000000000000100,642.86,22.7,*0000000000000100,*0000000000000100,-9999999,-9999999,-9999999,-9999999,2312.92,-9999999,-9999999,7.849,31.47,2113.17,79.49,1.779,1.151
TN393,Axial Base Shallow Profiler - 500 m NW,"RS03AXPS,RS03AXPD",45.833333333333336,-129.75733333333332,2021-08-03T01:25:44.000Z,CTD-001,*0000000000000100,2644,TN393_CTD-001,*0000000000000100,5,*0000000000000100,2021-08-03T01:46:23.000Z,181.803,*0000000001000000,180.234,45.83332,-129.75736,7.0090,*0000000000000100,7.0129,*0000000000000100,3.414567,*0000000010000100,3.414623,*0000000010000100,33.6496,33.6464,8.4137,*0000000010000100,6.80990,44.9502,*0000000000000100,-0.2613,106.7499,*0000000000000100,7.810,*0000000010000100,3.8027113624958186,*0000000000000100,*0000000000000100,-9999999,-9999999,-9999999,-9999999,-9999999,1.7684861533163265,26.092985606249997,23.83245602385204,0.030623188647959196,0,*0000000000000100,*0000000000000100,33.924184898202,*0000000000000101,*0000000000000100,-9999999,-9999999,-9999999,2223.34,*0000000000000100,*0000000000000100,630.34,22.7,*0000000000000100,*0000000000000100,-9999999,-9999999,-9999999,-9999999,2314.77,-9999999,-9999999,7.859,30.85,2111.55,80.94,1.82,1.178
TN393,Axial Base Shallow Profiler - 500 m NW,"RS03AXPS,RS03AXPD",45.833333333333336,-129.75733333333332,2021-08-03T01:25:44.000Z,CTD-001,*0000000000000100,2644,TN393_CTD-001,*0000000000000100,6,*0000000000000100,2021-08-03T01:46:41.000Z,181.786,*0000000001000000,180.217,45.83332,-129.75736,7.0103,*0000000000000100,7.0136,*0000000000000100,3.414789,*0000000000000100,3.414783,*0000000000000100,33.6507,33.6474,8.4115,*0000000010000100,6.80964,44.9580,*0000000000000100,-0.2615,106.7557,*0000000000000100,7.810,*0000000000000100,3.7502897374138464,*0000000000000101,*0000000000000100,-9999999,-9999999,-9999999,-9999999,-9999999,-9999999,-9999999,-9999999,-9999999,-9999999,-9999999,-9999999,-9999999,-9999999,-9999999,-9999999,-9999999,-9999999,-9999999,-9999999,-9999999,-9999999,-9999999,-9999999,-9999999,-9999999,-9999999,-9999999,-9999999,-9999999,-9999999,-9999999,-9999999,-9999999,-9999999,-9999999,-9999999,-9999999
TN393,Axial Base Shallow Profiler - 500 m NW,"RS03AXPS,RS03AXPD",45.833333333333336,-129.75733333333332,2021-08-03T01:25:44.000Z,CTD-001,*0000000000000100,2644,TN393_CTD-001,*0000000000000100,7,*0000000000000100,2021-08-03T01:48:22.000Z,161.370,*0000000001000000,159.985,45.83332,-129.75735,7.2034,*0000000000000100,7.2049,*0000000000000100,3.415261,*0000000000000100,3.415200,*0000000000000100,33.4780,33.4759,8.5956,*0000000000000100,6.78727,44.9878,*0000000000000100,-0.2633,106.8033,*0000000000000100,7.829,*0000000010000100,-9999999,-9999999,-9999999,-9999999,-9999999,-9999999,-9999999,-9999999,1.727910728344671,23.349638079365082,22.321004066439908,0.03118486689342403,0,*0000000000000100,*0000000000000100,-9999999,-9999999,-9999999,-9999999,-9999999,-9999999,2211.86,*0000000000000100,*0000000000000100,597.29,22.7,*0000000000000100,*0000000000000100,-9999999,-9999999,-9999999,-9999999,2310.78,-9999999,-9999999,7.881,29.06,2097.96,84.83,1.918,1.241
TN393,Axial Base Shallow Profiler - 500 m NW,"RS03AXPS,RS03AXPD",45.833333333333336,-129.75733333333332,2021-08-03T01:25:44.000Z,CTD-001,*0000000000000100,2644,TN393_CTD-001,*0000000000000100,9,*0000000000000100,2021-08-03T01:50:23.000Z,141.023,*0000000001000000,139.820,45.83332,-129.75736,7.7823,*0000000000000100,7.7760,*0000000000000100,3.432408,*0000000010000100,3.431972,*0000000010000100,33.1180,33.1193,8.8925,*0000000010000100,6.71420,45.1062,*0000000000000100,-0.2643,106.8304,*0000000000000100,7.873,*0000000010000100,4.766282970726635,*0000000000000100,*0000000000000100,-9999999,-9999999,-9999999,-9999999,-9999999,1.536305689654195,17.42853294751984,19.12816270661848,0.032673872548185955,0,*0000000000000100,*0000000000000100,33.198092290396765,*0000000000000100,*0000000000000100,-9999999,-9999999,-9999999,2162.97,*0000000000000100,*0000000000000100,550.87,22.7,*0000000000000100,*0000000000000100,-9999999,-9999999,-9999999,-9999999,2271.68,-9999999,-9999999,7.909,26.33,2047.28,89.36,2.034,1.318
TN393,Axial Base Shallow Profiler - 500 m NW,"RS03AXPS,RS03AXPD",45.833333333333336,-129.75733333333332,2021-08-03T01:25:44.000Z,CTD-001,*0000000000000100,2644,TN393_CTD-001,*0000000000000100,11,*0000000000000100,2021-08-03T01:52:08.000Z,121.125,*0000000001000000,120.097,45.83334,-129.75738,8.1338,*0000000000000100,8.1380,*0000000000000100,3.426592,*0000000000000100,3.426857,*0000000000000100,32.7345,32.7334,9.3858,*0000000000000100,6.67775,45.4957,*0000000000000100,-0.2653,106.8572,*0000000000000100,7.934,*0000000010000100,-9999999,-9999999,-9999999,-9999999,-9999999,-9999999,-9999999,-9999999,1.2677802193877552,10.467054510714286,13.654008494387753,0.04621810561224489,0,*0000000000000100,*0000000000000100,-9999999,-9999999,-9999999,-9999999,-9999999,-9999999,2106.86,*0000000000000100,*0000000000000100,453.29,22.8,*0000000000000100,*0000000000000100,-9999999,-9999999,-9999999,-9999999,2240.8,-9999999,-9999999,7.982,21.45,1982.62,102.79,2.357,1.528
TN393,Axial Base Shallow Profiler - 500 m NW,"RS03AXPS,RS03AXPD",45.833333333333336,-129.75733333333332,2021-08-03T01:25:44.000Z,CTD-001,*0000000000000100,2644,TN393_CTD-001,*0000000000000100,13,*0000000000000100,2021-08-03T01:53:50.000Z,100.837,*0000000001000000,99.987,45.83334,-129.75738,8.4223,*0000000000000100,8.4230,*0000000000000100,3.424790,*0000000010000100,3.424678,*0000000010000100,32.4574,32.4556,9.8053,*0000000010000100,6.64653,46.4340,*0000000010000100,-0.2654,106.8589,*0000000000000100,7.989,*0000000010000100,5.270679244531553,*0000000000000100,*0000000000001000,0.14573518072454641,0.06917938734265963,1.667785234899329,*0000000000000100,*0000000000000100,1.0837222294501134,6.506616902281746,9.932244063081065,0.05767389108560091,0,*0000000000000100,*0000000000000100,32.48631544099613,*0000000000000100,*0000000000000100,-9999999,-9999999,-9999999,2077.06,*0000000000000100,*0000000000000100,399.24,22.8,*0000000000000100,*0000000000000100,-9999999,-9999999,-9999999,-9999999,2229.26,-9999999,-9999999,8.032,18.74,1945.06,113.26,2.614,1.695
TN393,Axial Base Shallow Profiler - 500 m NW,"RS03AXPS,RS03AXPD",45.833333333333336,-129.75733333333332,2021-08-03T01:25:44.000Z,CTD-001,*0000000000000100,2644,TN393_CTD-001,*0000000000000100,13,*0000000000000100,2021-08-03T01:53:50.000Z,100.837,*0000000001000000,99.987,45.83334,-129.75738,8.4223,*0000000000000100,8.4230,*0000000000000100,3.424790,*0000000000000100,3.424678,*0000000000000100,32.4574,32.4556,9.8053,*0000000010000100,6.64653,46.4340,*0000000000000100,-0.2654,106.8589,*0000000000000100,7.989,*0000000000000100,5.80764384132656,*0000000000000100,*0000000000001000,-9999999,-9999999,-9999999,-9999999,-9999999,-9999999,-9999999,-9999999,-9999999,-9999999,-9999999,-9999999,-9999999,-9999999,-9999999,-9999999,-9999999,-9999999,-9999999,-9999999,-9999999,-9999999,-9999999,-9999999,-9999999,-9999999,-9999999,-9999999,-9999999,-9999999,-9999999,-9999999,-9999999,-9999999,-9999999,-9999999,-9999999,-9999999
TN393,Axial Base Shallow Profiler - 500 m NW,"RS03AXPS,RS03AXPD",45.833333333333336,-129.75733333333332,2021-08-03T01:25:44.000Z,CTD-001,*0000000000000100,2644,TN393_CTD-001,*0000000000000100,15,*0000000000000100,2021-08-03T01:55:20.000Z,80.426,*0000000001000000,79.752,45.83331,-129.75736,8.9996,*0000000000000100,9.0017,*0000000000000100,3.464473,*0000000000000100,3.464462,*0000000000000100,32.3529,32.3509,9.9859,*0000000000000100,6.56586,47.9739,*0000000010000100,-0.2653,106.8572,*0000000000000100,8.032,*0000000010000100,-9999999,-9999999,-9999999,0.20505452564257784,0.12150022744745885,1.6183745583038869,*0000000000000100,*0000000000000100,0.8250639555555556,3.2876270222222215,5.391274355555555,0.4913902444444444,0,*0000000000000100,*0000000000000100,-9999999,-9999999,-9999999,-9999999,-9999999,-9999999,2049.96,*0000000000000100,*0000000000000100,356.78,22.7,*0000000000000100,*0000000000000100,-9999999,-9999999,-9999999,-9999999,2221.99,-9999999,-9999999,8.075,16.44,1908.45,125.07,2.9,1.882
TN393,Axial Base Shallow Profiler - 500 m NW,"RS03AXPS,RS03AXPD",45.833333333333336,-129.75733333333332,2021-08-03T01:25:44.000Z,CTD-001,*0000000000000100,2644,TN393_CTD-001,*0000000000000100,17,*0000000000000100,2021-08-03T01:57:11.000Z,60.348,*0000000001000000,59.844,45.83332,-129.75738,9.9450,*0000000000000100,9.9356,*0000000000000100,3.546064,*0000000010000100,3.544985,*0000000010000100,32.3451,32.3426,10.0264,*0000000010000100,6.43087,49.1360,*0000000010000100,-0.2637,106.8135,*0000000000000100,8.069,*0000000010000100,5.7463885819084926,*0000000000000100,*0000000000000100,0.24430782055129993,0.09551682533214809,1.7079796264855687,*0000000000000100,*0000000000000100,0.6558678798469388,2.237993420535714,2.90035885752551,0.15730005497448982,0,*0000000000000100,*0000000000000100,32.34922139485177,*0000000000000100,*0000000000000100,-9999999,-9999999,-9999999,2054.35,*0000000000000100,*0000000000000100,335.93,22.7,*0000000000000100,*0000000000000100,-9999999,-9999999,-9999999,-9999999,2245.77,-9999999,-9999999,8.104,14.99,1901.52,137.84,3.21,2.086
TN393,Axial Base Shallow Profiler - 500 m NW,"RS03AXPS,RS03AXPD",45.833333333333336,-129.75733333333332,2021-08-03T01:25:44.000Z,CTD-001,*0000000000000100,2644,TN393_CTD-001,*0000000000000100,19,*0000000000000100,2021-08-03T01:58:57.000Z,39.859,*0000000001000000,39.529,45.83332,-129.75736,13.7952,*0000000000000100,13.7111,*0000000000000100,3.888616,*0000000000000100,3.881640,*0000000000000100,32.3267,32.3329,9.4320,*0000000000000100,5.92950,47.2908,*0000000010000100,-0.2626,106.7836,*0000000000000100,8.104,*0000000010000100,-9999999,-9999999,-9999999,0.1980240847634038,0.06160425249899285,1.751111111111111,*0000000000000100,*0000000000000100,0.4721187439909297,1.5479737972222223,0.19197861184807255,0.019024904818594094,0,*0000000000000100,*0000000000000100,-9999999,-9999999,-9999999,-9999999,-9999999,-9999999,2012.61,*0000000000000100,*0000000000000100,341.99,22.7,*0000000000000100,*0000000000000100,-9999999,-9999999,-9999999,-9999999,2225.49,-9999999,-9999999,8.096,13.5,1847.18,151.93,3.559,2.328
TN393,Axial Base Shallow Profiler - 500 m NW,"RS03AXPS,RS03AXPD",45.833333333333336,-129.75733333333332,2021-08-03T01:25:44.000Z,CTD-001,*0000000000000100,2644,TN393_CTD-001,*0000000000000100,21,*0000000000000100,2021-08-03T02:00:41.000Z,20.099,*0000000001000000,19.933,45.83331,-129.75738,16.7519,*0000000000000100,16.7418,*0000000000000100,4.165488,*0000000010000100,4.164634,*0000000010000100,32.3774,32.3782,8.6754,*0000000000000100,5.58878,46.0089,*0000000010000100,-0.2628,106.7906,*0000000000000100,8.096,*0000000010000100,-9999999,-9999999,-9999999,0.11014357377372753,0.025440113463301807,1.7999999999999998,*0000000000000100,*0000000000000100,0.4522841991780045,0.7105069856150796,0,0.009776572548185944,0,*0000000000000100,*0000000000000100,32.42660545758389,*0000000000000101,*0000000000000100,-9999999,-9999999,-9999999,2019.92,*0000000000000100,*0000000000000100,390.63,22.7,*0000000000000100,*0000000000000100,-9999999,-9999999,-9999999,-9999999,2232.02,-9999999,-9999999,8.049,14.09,1853.09,152.74,3.598,2.366
TN393,Axial Base Shallow Profiler - 500 m NW,"RS03AXPS,RS03AXPD",45.833333333333336,-129.75733333333332,2021-08-03T01:25:44.000Z,CTD-001,*0000000000000100,2644,TN393_CTD-001,*0000000000000100,22,*0000000000000100,2021-08-03T02:01:10.000Z,20.227,*0000000001000000,20.060,45.83332,-129.75738,16.7424,*0000000000000100,16.7407,*0000000000000100,4.164691,*0000000000000100,4.164563,*0000000000000100,32.3782,32.3784,8.6808,*0000000010000100,5.58980,45.9127,*0000000000000100,-0.2623,106.7761,*0000000000000100,8.101,*0000000000000100,6.050168883001225,*0000000000000100,*0000000000000100,-9999999,-9999999,-9999999,-9999999,-9999999,-9999999,-9999999,-9999999,-9999999,-9999999,-9999999,-9999999,-9999999,-9999999,-9999999,-9999999,-9999999,-9999999,-9999999,-9999999,-9999999,-9999999,-9999999,-9999999,-9999999,-9999999,-9999999,-9999999,-9999999,-9999999,-9999999,-9999999,-9999999,-9999999,-9999999,-9999999,-9999999,-9999999
TN393,Axial Base Shallow Profiler - 500 m NW,"RS03AXPS,RS03AXPD",45.833333333333336,-129.75733333333332,2021-08-03T01:25:44.000Z,CTD-001,*0000000000000100,2644,TN393_CTD-001,*0000000000000100,23,*0000000000000100,2021-08-03T02:02:53.000Z,9.862,*0000000001000000,9.781,45.83332,-129.75736,18.2548,*0000000000000100,18.2556,*0000000000000100,4.304846,*0000000000000100,4.304899,*0000000000000100,32.3716,32.3714,8.3588,*0000000000000100,5.43018,45.7818,*0000000010000100,-0.2613,106.7496,*0000000000000100,8.107,*0000000010000100,-9999999,-9999999,-9999999,0.09022399128273427,0.015358199203973685,1.8415300546448088,*0000000000000100,*0000000000000100,0.4347680204081633,0.8362872857142863,0.0004495918367347085,0.006554608163265291,0,*0000000000000100,*0000000000000100,-9999999,-9999999,-9999999,-9999999,-9999999,-9999999,2018.96,*0000000000000100,*0000000000000100,430.67,22.9,*0000000000000100,*0000000000000100,-9999999,-9999999,-9999999,-9999999,2223.41,-9999999,-9999999,8.011,14.87,1855.77,148.32,3.506,2.311
TN393,Axial Base Shallow Profiler - 500 m NW,"RS03AXPS,RS03AXPD",45.833333333333336,-129.75733333333332,2021-08-03T01:25:44.000Z,CTD-001,*0000000000000100,2644,TN393_CTD-001,*0000000000000100,24,*0000000000000100,2021-08-03T02:03:11.000Z,9.849,*0000000001000000,9.768,45.83332,-129.75738,18.2570,*0000000000000100,18.2582,*0000000000000100,4.305055,*0000000000000100,4.305145,*0000000000000100,32.3717,32.3715,8.3606,*0000000010000100,5.42996,45.7370,*0000000000000100,-0.2612,106.7477,*0000000000000100,8.107,*0000000000000100,4.881676553218756,*0000000000000100,*0000000000000100,-9999999,-9999999,-9999999,-9999999,-9999999,-9999999,-9999999,-9999999,-9999999,-9999999,-9999999,-9999999,-9999999,-9999999,-9999999,-9999999,-9999999,-9999999,-9999999,-9999999,-9999999,-9999999,-9999999,-9999999,-9999999,-9999999,-9999999,-9999999,-9999999,-9999999,-9999999,-9999999,-9999999,-9999999,-9999999,-9999999,-9999999,-9999999
TN393,Axial Base Shallow Profiler - 500 m E,"RS03AXPS,RS03AXPD",45.8305,-129.7465,2021-08-04T12:32:59.000Z,CTD-002,*0000000000000101,2644,TN393_CTD-002,*0000000000000010,-9999999,-9999999,-9999999,-9999999,-9999999,-9999999,-9999999,-9999999,-9999999,-9999999,-9999999,-9999999,-9999999,-9999999,-9999999,-9999999,-9999999,-9999999,-9999999,-9999999,-9999999,-9999999,-9999999,-9999999,-9999999,-9999999,-9999999,-9999999,-9999999,-9999999,-9999999,-9999999,-9999999,-9999999,-9999999,-9999999,-9999999,-9999999,-9999999,-9999999,-9999999,-9999999,-9999999,-9999999,-9999999,-9999999,-9999999,-9999999,-9999999,-9999999,-9999999,-9999999,-9999999,-9999999,-9999999,-9999999,-9999999,-9999999,-9999999,-9999999,-9999999,-9999999,-9999999,-9999999,-9999999,-9999999,-9999999,-9999999,-9999999
TN393,Axial Base Shallow Profiler - 500 m E,"RS03AXPS,RS03AXPD",45.830333333333336,-129.7465,2021-08-04T13:48:19.000Z,CTD-003,*0000000000000100,2644,TN393_CTD-003,*0000000000000100,1,*0000000000000100,2021-08-04T13:58:21.000Z,222.049,*0000000001000000,220.111,45.83038,-129.74650,6.7895,*0000000000000100,6.7918,*0000000000000100,3.412036,*0000000010000100,3.411890,*0000000010000100,33.8174,33.8136,8.0128,*0000000010000100,6.83680,44.8248,*0000000000000100,-0.2773,107.1793,*0000000000000100,7.787,*0000000010000100,4.048772860724582,*0000000000000100,*0000000000000100,-9999999,-9999999,-9999999,-9999999,-9999999,1.9258912392290248,31.932144507936503,26.418990072562362,0.02389746077097506,0,*0000000000000100,*0000000000000100,33.812590035059365,*0000000000000100,*0000000000000100,-9999999,-9999999,-9999999,2233.93,*0000000000000100,*0000000000000100,667.4,23.0,*0000000000000100,*0000000000000100,-9999999,-9999999,-9999999,-9999999,2317.21,-9999999,-9999999,7.834,32.88,2124.31,76.73,1.709,1.106
TN393,Axial Base Shallow Profiler - 500 m E,"RS03AXPS,RS03AXPD",45.830333333333336,-129.7465,2021-08-04T13:48:19.000Z,CTD-003,*0000000000000100,2644,TN393_CTD-003,*0000000000000100,5,*0000000000000100,2021-08-04T14:00:30.000Z,181.656,*0000000001000000,180.089,45.83038,-129.74648,7.0403,*0000000000000100,7.0425,*0000000000000100,3.417690,*0000000010000100,3.417575,*0000000010000100,33.6533,33.6499,8.3628,*0000000010000100,6.80485,44.8592,*0000000000000100,-0.2743,107.0988,*0000000000000100,7.811,*0000000010000100,3.693074215625845,*0000000000000100,*0000000000000100,-9999999,-9999999,-9999999,-9999999,-9999999,1.7934377937358277,26.869341802281745,23.85957502498583,0.03227308751417232,0,*0000000000000100,*0000000000000100,33.655280526384615,*0000000000000100,*0000000000000100,-9999999,-9999999,-9999999,2203.44,*0000000000000100,*0000000000000100,638.88,23.1,*0000000000000100,*0000000000000100,-9999999,-9999999,-9999999,-9999999,2291.4,-9999999,-9999999,7.849,31.23,2093.59,78.61,1.767,1.144
TN393,Axial Base Shallow Profiler - 500 m E,"RS03AXPS,RS03AXPD",45.830333333333336,-129.7465,2021-08-04T13:48:19.000Z,CTD-003,*0000000000000100,2644,TN393_CTD-003,*0000000000000100,6,*0000000000000100,2021-08-04T14:00:37.000Z,181.310,*0000000001000000,179.745,45.83038,-129.74648,7.0422,*0000000000000100,7.0446,*0000000000000100,3.417672,*0000000000000100,3.417541,*0000000000000100,33.6514,33.6477,8.3645,*0000000010000100,6.80464,44.8399,*0000000000000100,-0.2743,107.0988,*0000000000000100,7.810,*0000000000000100,3.854153934970774,*0000000000000100,*0000000000000100,-9999999,-9999999,-9999999,-9999999,-9999999,-9999999,-9999999,-9999999,-9999999,-9999999,-9999999,-9999999,-9999999,-9999999,-9999999,-9999999,-9999999,-9999999,-9999999,-9999999,-9999999,-9999999,-9999999,-9999999,-9999999,-9999999,-9999999,-9999999,-9999999,-9999999,-9999999,-9999999,-9999999,-9999999,-9999999,-9999999,-9999999,-9999999
TN393,Axial Base Shallow Profiler - 500 m E,"RS03AXPS,RS03AXPD",45.830333333333336,-129.7465,2021-08-04T13:48:19.000Z,CTD-003,*0000000000000100,2644,TN393_CTD-003,*0000000000000100,9,*0000000000000100,2021-08-04T14:02:19.000Z,141.369,*0000000001000000,140.163,45.83040,-129.74652,7.7520,*0000000000000100,7.7552,*0000000000000100,3.433127,*0000000010000100,3.433100,*0000000010000100,33.1543,33.1510,8.8655,*0000000010000100,6.71722,44.9813,*0000000000000100,-0.2732,107.0698,*0000000000000100,7.868,*0000000010000100,5.099858470610397,*0000000000000100,*0000000000000100,-9999999,-9999999,-9999999,-9999999,-9999999,1.52268165,17.089480575,18.561975725,0.049078575000000006,0,*0000000000000100,*0000000000000100,33.16257395803422,*0000000000000100,*0000000000000100,-9999999,-9999999,-9999999,2143.63,*0000000000000100,*0000000000000100,548.86,23.1,*0000000000000100,*0000000000000100,-9999999,-9999999,-9999999,-9999999,2250.93,-9999999,-9999999,7.907,26.26,2029.3,88.07,2.004,1.299
TN393,Axial Base Shallow Profiler - 500 m E,"RS03AXPS,RS03AXPD",45.830333333333336,-129.7465,2021-08-04T13:48:19.000Z,CTD-003,*0000000000000100,2644,TN393_CTD-003,*0000000000000100,13,*0000000000000001,2021-08-04T14:04:15.000Z,100.664,*0000000001000000,99.815,45.83040,-129.74648,8.4392,*0000000000000100,8.4408,*0000000000000100,3.420629,*0000000010000100,3.420565,*0000000010000100,32.3982,32.3960,9.9227,*0000000010000100,6.64656,46.6320,*0000000010000100,-0.2709,107.0069,*0000000000000100,8.000,*0000000010000100,5.757545501828636,*0000000000000100,*0000000000000100,0.17576102197935253,0.08617512272537647,1.6607929515418505,*0000000000000100,*0000000000000100,1.0490052877834468,5.898911109424603,9.252512113081066,0.09805659941893426,0,*0000000000000100,*0000000000000100,32.44021863548132,*0000000000000100,*0000000000000100,-9999999,-9999999,-9999999,2065.14,*0000000000000100,*0000000000000100,395.34,23.1,*0000000000000100,*0000000000000100,-9999999,-9999999,-9999999,-9999999,2217.36,-9999999,-9999999,8.033,18.55,1933.59,112.99,2.609,1.692
TN393,Axial Base Shallow Profiler - 500 m E,"RS03AXPS,RS03AXPD",45.830333333333336,-129.7465,2021-08-04T13:48:19.000Z,CTD-003,*0000000000000100,2644,TN393_CTD-003,*0000000000000100,17,*0000000000000001,2021-08-04T14:05:59.000Z,60.717,*0000000001000000,60.210,45.83038,-129.74650,10.1806,*0000000000000100,10.1777,*0000000000000100,3.567884,*0000000010000100,3.567362,*0000000010000100,32.3549,32.3522,10.0021,*0000000010000100,6.39754,49.4767,*0000000010000100,-0.2672,106.9092,*0000000000000100,8.070,*0000000010000100,7.3476022241993455,*0000000000000100,*0000000000000100,0.2519241315037386,0.11097858880303361,1.6836248012718602,*0000000000000100,*0000000000000100,0.6320709773242631,1.9587799888888895,2.4257463963718817,0.1338022702947846,0,*0000000000000100,*0000000000000100,32.356025395172615,*0000000000000100,*0000000000000100,-9999999,-9999999,-9999999,2019.49,*0000000000000100,*0000000000000100,333.84,23.3,*0000000000000100,*0000000000000100,-9999999,-9999999,-9999999,-9999999,2208.67,-9999999,-9999999,8.1,14.78,1869.22,135.49,3.155,2.051
TN393,Axial Base Shallow Profiler - 500 m E,"RS03AXPS,RS03AXPD",45.830333333333336,-129.7465,2021-08-04T13:48:19.000Z,CTD-003,*0000000000000100,2644,TN393_CTD-003,*0000000000000100,19,*0000000000000100,2021-08-04T14:07:41.000Z,40.263,*0000000001000000,39.929,45.83040,-129.74650,13.5653,*0000000000000100,13.5537,*0000000000000100,3.867348,*0000000000000100,3.866086,*0000000000000100,32.3231,32.3212,9.5280,*0000000000000100,5.95754,49.7474,*0000000010000100,-0.2620,106.7681,*0000000000000100,8.116,*0000000010000100,-9999999,-9999999,-9999999,0.2361056395255968,0.07256360588636362,1.753271028037383,*0000000000000100,*0000000000000100,0.4587877079081632,1.5609792633928565,0.15584254630102037,0.020987391198979608,0,*0000000000000100,*0000000000000100,-9999999,-9999999,-9999999,-9999999,-9999999,-9999999,1996.83,*0000000000000100,*0000000000000100,328.39,23.3,*0000000000000100,*0000000000000100,-9999999,-9999999,-9999999,-9999999,2213.35,-9999999,-9999999,8.109,13.05,1830.05,153.74,3.601,2.355
TN393,Axial Base Shallow Profiler - 500 m E,"RS03AXPS,RS03AXPD",45.830333333333336,-129.7465,2021-08-04T13:48:19.000Z,CTD-003,*0000000000000100,2644,TN393_CTD-003,*0000000000000100,21,*0000000000000100,2021-08-04T14:09:06.000Z,19.884,*0000000001000000,19.720,45.83038,-129.74650,16.2568,*0000000000000100,16.2570,*0000000000000100,4.117102,*0000000010000100,4.117066,*0000000010000100,32.3563,32.3559,8.7722,*0000000000000100,5.64372,45.9758,*0000000010000100,-0.2654,106.8597,*0000000000000100,8.105,*0000000010000100,-9999999,-9999999,-9999999,0.09139573142926327,0.02226378510560813,1.7918781725888324,*0000000000000100,*0000000000000100,0.4435131973922903,0.9112301829365076,0.22339594382086164,0.017761089512471653,0,*0000000000000100,*0000000000000100,32.36010790004315,*0000000000000100,*0000000000000100,-9999999,-9999999,-9999999,2021.18,*0000000000000100,*0000000000000100,374.16,21.5,*0000000000000100,*0000000000000100,-9999999,-9999999,-9999999,-9999999,2238.14,-9999999,-9999999,8.066,13.7,1851.69,155.79,3.669,2.41
TN393,Axial Base Shallow Profiler - 500 m E,"RS03AXPS,RS03AXPD",45.830333333333336,-129.7465,2021-08-04T13:48:19.000Z,CTD-003,*0000000000000100,2644,TN393_CTD-003,*0000000000000100,22,*0000000000000100,2021-08-04T14:09:13.000Z,20.214,*0000000001000000,20.047,45.83039,-129.74650,16.2673,*0000000000000100,16.2586,*0000000000000100,4.118019,*0000000000000100,4.117072,*0000000000000100,32.3557,32.3545,8.7721,*0000000010000100,5.64258,46.0243,*0000000000000100,-0.2654,106.8603,*0000000000000100,8.105,*0000000000000100,5.227118580351827,*0000000000000100,*0000000000001000,-9999999,-9999999,-9999999,-9999999,-9999999,-9999999,-9999999,-9999999,-9999999,-9999999,-9999999,-9999999,-9999999,-9999999,-9999999,-9999999,-9999999,-9999999,-9999999,-9999999,-9999999,-9999999,-9999999,-9999999,-9999999,-9999999,-9999999,-9999999,-9999999,-9999999,-9999999,-9999999,-9999999,-9999999,-9999999,-9999999,-9999999,-9999999
TN393,Axial Base Shallow Profiler - 500 m E,"RS03AXPS,RS03AXPD",45.830333333333336,-129.7465,2021-08-04T13:48:19.000Z,CTD-003,*0000000000000100,2644,TN393_CTD-003,*0000000000000100,22,*0000000000000100,2021-08-04T14:09:13.000Z,20.214,*0000000001000000,20.047,45.83039,-129.74650,16.2673,*0000000000000100,16.2586,*0000000000000100,4.118019,*0000000000000100,4.117072,*0000000000000100,32.3557,32.3545,8.7721,*0000000010000100,5.64258,46.0243,*0000000000000100,-0.2654,106.8603,*0000000000000100,8.105,*0000000000000100,5.799831585046189,*0000000000000100,*0000000000001000,-9999999,-9999999,-9999999,-9999999,-9999999,-9999999,-9999999,-9999999,-9999999,-9999999,-9999999,-9999999,-9999999,-9999999,-9999999,-9999999,-9999999,-9999999,-9999999,-9999999,-9999999,-9999999,-9999999,-9999999,-9999999,-9999999,-9999999,-9999999,-9999999,-9999999,-9999999,-9999999,-9999999,-9999999,-9999999,-9999999,-9999999,-9999999
TN393,Axial Base Shallow Profiler - 500 m E,"RS03AXPS,RS03AXPD",45.830333333333336,-129.7465,2021-08-04T13:48:19.000Z,CTD-003,*0000000000000100,2644,TN393_CTD-003,*0000000000000100,23,*0000000000000100,2021-08-04T14:09:20.000Z,20.297,*0000000001000000,20.130,45.83038,-129.74650,16.2295,*0000000000000100,16.1650,*0000000000000100,4.114610,*0000000000000100,4.108578,*0000000000000100,32.3566,32.3560,8.7798,*0000000000000100,5.64674,45.9804,*0000000000000100,-0.2655,106.8633,*0000000000000100,8.106,*0000000010000100,-9999999,-9999999,-9999999,-9999999,-9999999,-9999999,-9999999,-9999999,0.45482615410997734,0.9378257558531746,0.4600133841695011,0.01097855333049888,0,*0000000000000100,*0000000000000100,-9999999,-9999999,-9999999,-9999999,-9999999,-9999999,2034.2,*0000000000000100,*0000000000000100,370.88,21.5,*0000000000000100,*0000000000000100,-9999999,-9999999,-9999999,-9999999,2254.99,-9999999,-9999999,8.072,13.59,1861.91,158.7,3.737,2.455
TN393,Slope Base Shallow Profiler - 500 m SW,"RS01SBPS,RS01SBPD",44.526,-125.39433333333334,2021-08-06T01:43:57.000Z,CTD-005,*0000000000000100,2938,TN393_CTD-005,*0000000000000100,1,*0000000000000100,2021-08-06T01:54:36.000Z,222.097,*0000000001000000,220.186,44.52604,-125.39444,7.2970,*0000000000000100,7.3017,*0000000000000100,3.477931,*0000000000000100,3.478125,*0000000000000100,34.0396,34.0371,6.1727,*0000000010000100,6.74785,44.8002,*0000000000000100,-0.2913,107.5551,*0000000000000100,7.639,*0000000010000100,2.090178247922824,*0000000000000100,*0000000000000100,-9999999,-9999999,-9999999,-9999999,-9999999,2.4729708012755105,39.969775738392855,33.25495761466837,0.03337909783163265,0,*0000000000000100,*0000000000000100,-9999999,-9999999,-9999999,-9999999,-9999999,-9999999,2294.54,*0000000000000100,*0000000000000100,1001.8,22.8,*0000000000000100,*0000000000000100,-9999999,-9999999,-9999999,-9999999,2330.61,-9999999,-9999999,7.672,48.44,2190.22,55.87,1.242,0.805
TN393,Slope Base Shallow Profiler - 500 m SW,"RS01SBPS,RS01SBPD",44.526,-125.39433333333334,2021-08-06T01:43:57.000Z,CTD-005,*0000000000000100,2938,TN393_CTD-005,*0000000000000100,3,*0000000000000100,2021-08-06T01:56:20.000Z,202.014,*0000000001000000,200.285,44.52606,-125.39442,7.4417,*0000000000000100,7.4434,*0000000000000100,3.488792,*0000000010000100,3.488740,*0000000010000100,34.0253,34.0231,6.1588,*0000000000000100,6.72628,44.7924,*0000000000000100,-0.2883,107.4746,*0000000000000100,7.632,*0000000010000100,-9999999,-9999999,-9999999,-9999999,-9999999,-9999999,-9999999,-9999999,2.477876888888889,39.93467645555556,33.12961235555556,0.031231444444444457,9.943333333333333e-05,*0000000000000100,*0000000000000100,34.04073573912835,*0000000000000100,*0000000000000100,-9999999,-9999999,-9999999,2296.6,*0000000000000100,*0000000000000100,1028.86,22.9,*0000000000000100,*0000000000000100,-9999999,-9999999,-9999999,-9999999,2330.11,-9999999,-9999999,7.662,49.49,2192.2,54.91,1.226,0.794
TN393,Slope Base Shallow Profiler - 500 m SW,"RS01SBPS,RS01SBPD",44.526,-125.39433333333334,2021-08-06T01:43:57.000Z,CTD-005,*0000000000000100,2938,TN393_CTD-005,*0000000000000100,5,*0000000000000100,2021-08-06T01:57:50.000Z,181.849,*0000000001000000,180.301,44.52605,-125.39442,7.5021,*0000000000000100,7.5038,*0000000000000100,3.492939,*0000000000000100,3.492906,*0000000000000100,34.0208,34.0187,6.1648,*0000000000000100,6.71725,44.8245,*0000000000000100,-0.2862,107.4178,*0000000000000100,7.633,*0000000010000100,-9999999,-9999999,-9999999,-9999999,-9999999,-9999999,-9999999,-9999999,2.457564828259637,39.119592284424606,33.07878513212869,0.02885183870464852,0,*0000000000000100,*0000000000000100,-9999999,-9999999,-9999999,-9999999,-9999999,-9999999,2275.42,*0000000000000100,*0000000000000100,1072.92,22.9,*0000000000000100,*0000000000000100,-9999999,-9999999,-9999999,-9999999,2302.6,-9999999,-9999999,7.641,51.51,2172.05,51.86,1.162,0.753
TN393,Slope Base Shallow Profiler - 500 m SW,"RS01SBPS,RS01SBPD",44.526,-125.39433333333334,2021-08-06T01:43:57.000Z,CTD-005,*0000000000000100,2938,TN393_CTD-005,*0000000000000100,7,*0000000000000100,2021-08-06T01:59:25.000Z,161.202,*0000000001000000,159.838,44.52604,-125.39442,7.5279,*0000000000000100,7.5340,*0000000000000100,3.489932,*0000000010000100,3.490316,*0000000010000100,33.9729,33.9711,6.5419,*0000000010000100,6.71541,44.8186,*0000000000000100,-0.2852,107.3923,*0000000000000100,7.670,*0000000010000100,1.9776574667734965,*0000000000000100,*0000000000000100,-9999999,-9999999,-9999999,-9999999,-9999999,2.3383396836734693,36.97603062499999,31.695129551530613,0.03514379846938777,0,*0000000000000100,*0000000000000100,33.98450926071016,*0000000000000100,*0000000000000100,-9999999,-9999999,-9999999,2260.92,*0000000000000100,*0000000000000100,953.33,22.9,*0000000000000100,*0000000000000100,-9999999,-9999999,-9999999,-9999999,2302.57,-9999999,-9999999,7.691,45.74,2157.53,57.65,1.298,0.841
TN393,Slope Base Shallow Profiler - 500 m SW,"RS01SBPS,RS01SBPD",44.526,-125.39433333333334,2021-08-06T01:43:57.000Z,CTD-005,*0000000000000100,2938,TN393_CTD-005,*0000000000000100,9,*0000000000000100,2021-08-06T02:01:04.000Z,140.922,*0000000001000000,139.737,44.52604,-125.39442,7.8043,*0000000000000100,7.8059,*0000000000000100,3.513047,*0000000000000100,3.513024,*0000000000000100,33.9624,33.9605,6.6241,*0000000000000100,6.67394,44.8107,*0000000000000100,-0.2832,107.3390,*0000000000000100,7.680,*0000000010000100,-9999999,-9999999,-9999999,-9999999,-9999999,-9999999,-9999999,-9999999,2.017960902749433,29.077364777281748,25.868209345904194,0.03214493326247164,0,*0000000000000100,*0000000000000100,-9999999,-9999999,-9999999,-9999999,-9999999,-9999999,2260.67,*0000000000000100,*0000000000000100,957.02,22.9,*0000000000000100,*0000000000000100,-9999999,-9999999,-9999999,-9999999,2303.24,-9999999,-9999999,7.691,45.49,2157.02,58.16,1.315,0.852
TN393,Slope Base Shallow Profiler - 500 m SW,"RS01SBPS,RS01SBPD",44.526,-125.39433333333334,2021-08-06T01:43:57.000Z,CTD-005,*0000000000000100,2938,TN393_CTD-005,*0000000000000100,11,*0000000000000100,2021-08-06T02:02:34.000Z,120.885,*0000000001000000,119.874,44.52604,-125.39442,8.0394,*0000000000000100,8.0412,*0000000000000100,3.531047,*0000000010000100,3.531035,*0000000010000100,33.9365,33.9346,6.7847,*0000000010000100,6.63975,44.8418,*0000000000000100,-0.2823,107.3127,*0000000000000100,7.696,*0000000010000100,2.386624185849554,*0000000000000100,*0000000000001000,-9999999,-9999999,-9999999,-9999999,-9999999,2.1920002235827662,31.494924374603173,29.874703899773245,0.05113083356009071,0,*0000000000000100,*0000000000000100,33.937305973884946,*0000000000000100,*0000000000000100,-9999999,-9999999,-9999999,2263.44,*0000000000000100,*0000000000000100,911.27,22.9,*0000000000000100,*0000000000000100,-9999999,-9999999,-9999999,-9999999,2313.86,-9999999,-9999999,7.714,42.97,2158.63,61.84,1.404,0.91
TN393,Slope Base Shallow Profiler - 500 m SW,"RS01SBPS,RS01SBPD",44.526,-125.39433333333334,2021-08-06T01:43:57.000Z,CTD-005,*0000000000000100,2938,TN393_CTD-005,*0000000000000100,11,*0000000000000100,2021-08-06T02:02:34.000Z,120.885,*0000000001000000,119.874,44.52604,-125.39442,8.0394,*0000000000000100,8.0412,*0000000000000100,3.531047,*0000000000000100,3.531035,*0000000000000100,33.9365,33.9346,6.7847,*0000000010000100,6.63975,44.8418,*0000000000000100,-0.2823,107.3127,*0000000000000100,7.696,*0000000000000100,2.6375105877239577,*0000000000000100,*0000000000001000,-9999999,-9999999,-9999999,-9999999,-9999999,-9999999,-9999999,-9999999,-9999999,-9999999,-9999999,-9999999,-9999999,-9999999,-9999999,-9999999,-9999999,-9999999,-9999999,-9999999,-9999999,-9999999,-9999999,-9999999,-9999999,-9999999,-9999999,-9999999,-9999999,-9999999,-9999999,-9999999,-9999999,-9999999,-9999999,-9999999,-9999999,-9999999
TN393,Slope Base Shallow Profiler - 500 m SW,"RS01SBPS,RS01SBPD",44.526,-125.39433333333334,2021-08-06T01:43:57.000Z,CTD-005,*0000000000000100,2938,TN393_CTD-005,*0000000000000100,14,*0000000000000100,2021-08-06T02:04:26.000Z,101.014,*0000000001000000,100.173,44.52605,-125.39443,7.9152,*0000000000000100,7.9162,*0000000000000100,3.505687,*0000000000000100,3.505563,*0000000000000100,33.7948,33.7924,6.8547,*0000000010000100,6.66453,44.9236,*0000000010000100,-0.2809,107.2756,*0000000000000100,7.698,*0000000010000100,2.688910611246292,*0000000000000100,*0000000000000100,0.08729464091641172,0.24676048636120526,1.2573402417962003,*0000000000000100,*0000000000000100,2.174737539030612,30.390486066964286,29.078007413137758,0.05896769936224489,0,*0000000000000100,*0000000000000100,-9999999,-9999999,-9999999,-9999999,-9999999,-9999999,2262.63,*0000000000000100,*0000000000000100,920.16,22.9,*0000000000000100,*0000000000000100,-9999999,-9999999,-9999999,-9999999,2310.71,-9999999,-9999999,7.71,43.61,2158.28,60.74,1.386,0.897
TN393,Slope Base Shallow Profiler - 500 m SW,"RS01SBPS,RS01SBPD",44.526,-125.39433333333334,2021-08-06T01:43:57.000Z,CTD-005,*0000000000000100,2938,TN393_CTD-005,*0000000000000100,15,*0000000000000100,2021-08-06T02:05:40.000Z,80.814,*0000000001000000,80.146,44.52606,-125.39442,7.9577,*0000000000000100,7.9604,*0000000000000100,3.486429,*0000000010000100,3.486420,*0000000010000100,33.5573,33.5546,7.2040,*0000000000000100,6.66847,45.7396,*0000000010000100,-0.2778,107.1918,*0000000000000100,7.716,*0000000010000100,-9999999,-9999999,-9999999,0.7821365478081185,0.4161924666229877,1.6427539720751083,*0000000000000100,*0000000000000100,2.084870977664399,26.07696755436508,27.02009471933107,0.23622674733560092,0,*0000000000000100,*0000000000000100,33.55907306858971,*0000000000000100,*0000000000000100,-9999999,-9999999,-9999999,2244.34,*0000000000000100,*0000000000000100,882.49,23.0,*0000000000000100,*0000000000000100,-9999999,-9999999,-9999999,-9999999,2295.81,-9999999,-9999999,7.727,41.87,2140.57,61.91,1.423,0.922
TN393,Slope Base Shallow Profiler - 500 m SW,"RS01SBPS,RS01SBPD",44.526,-125.39433333333334,2021-08-06T01:43:57.000Z,CTD-005,*0000000000000100,2938,TN393_CTD-005,*0000000000000100,17,*0000000000000100,2021-08-06T02:07:15.000Z,60.517,*0000000001000000,60.019,44.52604,-125.39442,8.7735,*0000000000000100,8.7794,*0000000000000100,3.528694,*0000000000000100,3.528956,*0000000000000100,33.2399,33.2371,8.1967,*0000000010000100,6.56118,49.6119,*0000000010000100,-0.2663,106.8852,*0000000000000100,7.802,*0000000010000100,3.948762246665096,*0000000000000100,*0000000000000100,3.9323599317513795,0.12476555186900586,1.9544937428896474,*0000000000000100,*0000000000000100,1.8421927430555558,19.10772779513889,20.900919715972222,0.30472323819444447,1.020316625,*0000000000000100,*0000000000000100,-9999999,-9999999,-9999999,-9999999,-9999999,-9999999,2193.64,*0000000000000100,*0000000000000100,717.19,23.0,*0000000000000100,*0000000000000100,-9999999,-9999999,-9999999,-9999999,2273.52,-9999999,-9999999,7.809,33.12,2085.58,74.94,1.731,1.123
TN393,Slope Base Shallow Profiler - 500 m SW,"RS01SBPS,RS01SBPD",44.526,-125.39433333333334,2021-08-06T01:43:57.000Z,CTD-005,*0000000000000100,2938,TN393_CTD-005,*0000000000000100,19,*0000000000000100,2021-08-06T02:09:00.000Z,40.380,*0000000001000000,40.050,44.52604,-125.39444,8.9181,*0000000000000100,8.9233,*0000000000000100,3.510691,*0000000010000100,3.511060,*0000000010000100,32.9262,32.9252,8.6276,*0000000010000100,6.55342,48.1172,*0000000010000100,-0.2684,106.9403,*0000000000000100,7.855,*0000000010000100,4.309788357444323,*0000000000000100,*0000000000000100,1.4166338371535807,0.6465460162915977,1.676174496644295,*0000000000000100,*0000000000000100,1.6540827102040816,15.824617114285711,18.347767053061226,0.3279385469387756,0.09035015714285714,*0000000000000100,*0000000000000100,32.9336026197907,*0000000000000100,*0000000000000100,-9999999,-9999999,-9999999,2170.75,*0000000000000100,*0000000000000100,642.59,23.0,*0000000000000100,*0000000000000100,-9999999,-9999999,-9999999,-9999999,2264.06,-9999999,-9999999,7.853,29.58,2059.52,81.64,1.898,1.231
TN393,Slope Base Shallow Profiler - 500 m SW,"RS01SBPS,RS01SBPD",44.526,-125.39433333333334,2021-08-06T01:43:57.000Z,CTD-005,*0000000000000100,2938,TN393_CTD-005,*0000000000000100,20,*0000000000000100,2021-08-06T02:09:16.000Z,40.254,*0000000001000000,39.925,44.52606,-125.39442,8.8973,*0000000000000100,8.8876,*0000000000000100,3.508105,*0000000000000100,3.506658,*0000000000000100,32.9186,32.9125,8.6324,*0000000000000100,6.55677,48.1863,*0000000010000100,-0.2688,106.9522,*0000000000000100,7.855,*0000000000000100,-9999999,-9999999,-9999999,1.1941097311445705,0.602308562034638,1.6545985401459855,*0000000000000100,*0000000000000100,-9999999,-9999999,-9999999,-9999999,-9999999,-9999999,-9999999,-9999999,-9999999,-9999999,-9999999,-9999999,-9999999,-9999999,-9999999,-9999999,-9999999,-9999999,-9999999,-9999999,-9999999,-9999999,-9999999,-9999999,-9999999,-9999999,-9999999,-9999999,-9999999,-9999999,-9999999,-9999999,-9999999
TN393,Slope Base Shallow Profiler - 500 m SW,"RS01SBPS,RS01SBPD",44.526,-125.39433333333334,2021-08-06T01:43:57.000Z,CTD-005,*0000000000000100,2938,TN393_CTD-005,*0000000000000100,21,*0000000000000100,2021-08-06T02:10:45.000Z,20.326,*0000000001000000,20.161,44.52604,-125.39441,9.3685,*0000000000000100,9.3640,*0000000000000100,3.508696,*0000000000000100,3.507934,*0000000000000100,32.5011,32.4974,9.4942,*0000000010000100,6.50624,53.1835,*0000000010000100,-0.2484,106.4065,*0000000000000100,7.980,*0000000010000100,6.08306293402348,*0000000000000100,*0000000000000100,2.421401012802212,0.8418387106558222,1.7307284299858556,*0000000000000100,*0000000000000100,1.1614464898242631,8.383870728472221,10.706096188931408,0.29280594023526074,0,*0000000000000100,*0000000000000100,-9999999,-9999999,-9999999,-9999999,-9999999,-9999999,2089.99,*0000000000000100,*0000000000000100,469.05,23.0,*0000000000000100,*0000000000000100,-9999999,-9999999,-9999999,-9999999,2224.12,-9999999,-9999999,7.973,21.32,1965.51,103.16,2.417,1.568
TN393,Slope Base Shallow Profiler - 500 m SW,"RS01SBPS,RS01SBPD",44.526,-125.39433333333334,2021-08-06T01:43:57.000Z,CTD-005,*0000000000000100,2938,TN393_CTD-005,*0000000000000100,23,*0000000000000100,2021-08-06T02:12:08.000Z,9.922,*0000000001000000,9.841,44.52604,-125.39442,9.7102,*0000000000000100,9.7286,*0000000000000100,3.522057,*0000000010000100,3.523680,*0000000010000100,32.3337,32.3337,9.9595,*0000000010000100,6.46450,51.9817,*0000000010000100,-0.2471,106.3713,*0000000000000100,8.043,*0000000010000100,6.935431402080242,*0000000000000100,*0000000000000100,2.896541642219729,0.5005509128935849,1.8396739130434785,*0000000000000100,*0000000000000100,1.0012489045351474,5.625323987698413,7.041279798582766,0.35246165141723357,0,*0000000000000100,*0000000000000100,32.36982846572089,*0000000000000100,*0000000000000100,-9999999,-9999999,-9999999,2065.83,*0000000000000100,*0000000000000100,435.95,23.0,*0000000000000100,*0000000000000100,-9999999,-9999999,-9999999,-9999999,2210.69,-9999999,-9999999,8.0,19.61,1937.05,109.17,2.566,1.666
TN393,Oregon Offshore Shallow Profiler - 500 m E,CE04OSPS,44.374,-124.9505,2021-08-26T09:16:44.000Z,CTD-006,*0000000000000100,571,TN393_CTD-006,*0000000000000100,1,*0000000000000100,2021-08-26T09:37:37.000Z,565.419,*0000000001000000,560.097,44.37406,-124.95056,5.6447,*0000000000000100,5.6477,*0000000000000100,3.354598,*0000000010000100,3.354780,*0000000010000100,34.1487,34.1478,0.6070,*0000000000000100,7.00600,2.0442,*0000000010000100,0.0797,98.0264,*0000000000000100,-9999999,*0000000000000100,-9999999,-9999999,-9999999,0.02929350366322541,0.07975039798698115,1.2645502645502646,*0000000000000100,*0000000000000100,-9999999,-9999999,-9999999,-9999999,-9999999,-9999999,-9999999,34.14441096508073,*0000000000000100,*0000000000000100,-9999999,-9999999,-9999999,-9999999,-9999999,-9999999,-9999999,-9999999,-9999999,-9999999,-9999999,-9999999,-9999999,-9999999,-9999999,-9999999,-9999999,-9999999,-9999999,-9999999,-9999999,-9999999,-9999999
TN393,Oregon Offshore Shallow Profiler - 500 m E,CE04OSPS,44.374,-124.9505,2021-08-26T09:16:44.000Z,CTD-006,*0000000000000100,571,TN393_CTD-006,*0000000000000100,2,*0000000000000100,2021-08-26T09:38:07.000Z,565.754,*0000000001000000,560.428,44.37406,-124.95056,5.6422,*0000000000000100,5.6443,*0000000000000100,3.354315,*0000000010000100,3.354426,*0000000010000100,34.1479,34.1470,0.6172,*0000000000000100,7.00645,2.0613,*0000000000000100,0.0818,97.9755,*0000000000000100,-9999999,*0000000000000100,-9999999,-9999999,-9999999,-9999999,-9999999,-9999999,-9999999,-9999999,-9999999,-9999999,-9999999,-9999999,-9999999,-9999999,-9999999,34.16264255011015,*0000000000000100,*0000000000000100,-9999999,-9999999,-9999999,-9999999,-9999999,-9999999,-9999999,-9999999,-9999999,-9999999,-9999999,-9999999,-9999999,-9999999,-9999999,-9999999,-9999999,-9999999,-9999999,-9999999,-9999999,-9999999,-9999999
TN393,Oregon Offshore Shallow Profiler - 500 m E,CE04OSPS,44.374,-124.9505,2021-08-26T09:16:44.000Z,CTD-006,*0000000000000100,571,TN393_CTD-006,*0000000000000100,3,*0000000000000100,2021-08-26T09:44:14.000Z,403.069,*0000000001000000,399.431,44.37406,-124.95056,6.4214,*0000000000000100,6.4228,*0000000000000100,3.411871,*0000000010000100,3.411914,*0000000010000100,34.0918,34.0910,0.9736,*0000000000000100,6.88272,2.0216,*0000000010000100,0.0845,97.9097,*0000000000000100,-9999999,*0000000000000100,-9999999,-9999999,-9999999,0.03222285402954795,0.1050916887892307,1.23109243697479,*0000000000000100,*0000000000000100,-9999999,-9999999,-9999999,-9999999,-9999999,-9999999,-9999999,34.09227317555361,*0000000000000100,*0000000000000100,-9999999,-9999999,-9999999,-9999999,-9999999,-9999999,-9999999,-9999999,-9999999,-9999999,-9999999,-9999999,-9999999,-9999999,-9999999,-9999999,-9999999,-9999999,-9999999,-9999999,-9999999,-9999999,-9999999
TN393,Oregon Offshore Shallow Profiler - 500 m E,CE04OSPS,44.374,-124.9505,2021-08-26T09:16:44.000Z,CTD-006,*0000000000000100,571,TN393_CTD-006,*0000000000000100,5,*0000000000000100,2021-08-26T09:51:00.000Z,200.450,*0000000001000000,198.738,44.37408,-124.95056,7.3681,*0000000000000100,7.3699,*0000000000000100,3.478650,*0000000010000100,3.478758,*0000000010000100,33.9882,33.9875,1.8218,*0000000010000100,6.73921,1.9892,*0000000010000100,0.0777,98.0749,*0000000000000100,-9999999,*0000000010000100,2.96132146435066,*0000000000000101,*0000000000000100,0.02636415329690287,0.0971035448678813,1.2102803738317758,*0000000000000100,*0000000000000100,2.3740024477040813,39.165433995535714,32.04970580038266,0.15629758711734695,0,*0000000000000100,*0000000000000100,33.99175715036957,*0000000000000100,*0000000000000100,-9999999,-9999999,-9999999,2300.65,*0000000000000100,*0000000000000100,965.82,21.4,*0000000000000100,*0000000000000100,-9999999,-9999999,-9999999,-9999999,2342.22,-9999999,-9999999,7.69,46.59,2195.63,58.43,1.305,0.845
TN393,Oregon Offshore Shallow Profiler - 500 m E,CE04OSPS,44.374,-124.9505,2021-08-26T09:16:44.000Z,CTD-006,*0000000000000100,571,TN393_CTD-006,*0000000000000100,7,*0000000000000100,2021-08-26T09:53:46.000Z,181.354,*0000000001000000,179.814,44.37408,-124.95056,7.4757,*0000000000000100,7.4780,*0000000000000100,3.485810,*0000000000000100,3.485964,*0000000000000100,33.9696,33.9690,1.8540,*0000000000000100,6.72353,2.0390,*0000000000000100,0.0664,98.3540,*0000000000000100,-9999999,*0000000010000100,-9999999,-9999999,-9999999,-9999999,-9999999,-9999999,-9999999,-9999999,2.3561521249433106,38.35402055555555,31.78253162018141,0.09763754648526075,0,*0000000000000100,*0000000000000100,-9999999,-9999999,-9999999,-9999999,-9999999,-9999999,2302.2,*0000000000000100,*0000000000000100,990.8,21.5,*0000000000000100,*0000000000000100,-9999999,-9999999,-9999999,-9999999,2341.05,-9999999,-9999999,7.681,47.62,2197.23,57.35,1.286,0.833
TN393,Oregon Offshore Shallow Profiler - 500 m E,CE04OSPS,44.374,-124.9505,2021-08-26T09:16:44.000Z,CTD-006,*0000000000000100,571,TN393_CTD-006,*0000000000000100,8,*0000000000000100,2021-08-26T09:56:00.000Z,161.221,*0000000001000000,159.860,44.37408,-124.95058,7.4621,*0000000000000100,7.4637,*0000000000000100,3.480838,*0000000000000100,3.480898,*0000000000000100,33.9387,33.9379,2.2479,*0000000000000100,6.72698,2.0174,*0000000000000100,0.0411,98.9786,*0000000000000100,-9999999,*0000000010000100,-9999999,-9999999,-9999999,-9999999,-9999999,-9999999,-9999999,-9999999,2.2090709717970523,35.312212027281745,30.43223619114229,0.08246334635770976,0,*0000000000000100,*0000000000000100,-9999999,-9999999,-9999999,-9999999,-9999999,-9999999,2279.96,*0000000000000100,*0000000000000100,905.5,21.5,*0000000000000100,*0000000000000100,-9999999,-9999999,-9999999,-9999999,2329.17,-9999999,-9999999,7.716,43.55,2174.96,61.45,1.384,0.896
TN393,Oregon Offshore Shallow Profiler - 500 m E,CE04OSPS,44.374,-124.9505,2021-08-26T09:16:44.000Z,CTD-006,*0000000000000100,571,TN393_CTD-006,*0000000000000100,9,*0000000000000100,2021-08-26T09:58:45.000Z,141.106,*0000000001000000,139.920,44.37406,-124.95058,7.6412,*0000000000000100,7.6446,*0000000000000100,3.494787,*0000000010000100,3.495000,*0000000010000100,33.9244,33.9234,2.3361,*0000000010000100,6.70029,2.0004,*0000000000000100,0.0430,98.9304,*0000000000000100,-9999999,*0000000010000100,2.5243630605712584,*0000000000000100,*0000000000000100,-9999999,-9999999,-9999999,-9999999,-9999999,2.1899193275510207,33.75214091071429,29.95494878826531,0.08100771173469387,0,*0000000000000100,*0000000000000100,33.93828519055938,*0000000000000100,*0000000000000100,-9999999,-9999999,-9999999,2275.34,*0000000000000100,*0000000000000100,883.32,21.6,*0000000000000100,*0000000000000100,-9999999,-9999999,-9999999,-9999999,2328.51,-9999999,-9999999,7.728,42.23,2169.87,63.24,1.43,0.926
TN393,Oregon Offshore Shallow Profiler - 500 m E,CE04OSPS,44.374,-124.9505,2021-08-26T09:16:44.000Z,CTD-006,*0000000000000100,571,TN393_CTD-006,*0000000000000100,11,*0000000000000100,2021-08-26T10:01:40.000Z,120.972,*0000000001000000,119.962,44.37408,-124.95056,8.0303,*0000000000000100,8.0401,*0000000000000100,3.528417,*0000000000000100,3.529241,*0000000000000100,33.9172,33.9165,2.4086,*0000000000000100,6.64196,2.0442,*0000000000000100,0.0653,98.3817,*0000000000000100,-9999999,*0000000010000100,-9999999,-9999999,-9999999,-9999999,-9999999,-9999999,-9999999,-9999999,2.239549345776644,32.971113505853175,30.238501569883788,0.06583711761621316,0,*0000000000000100,*0000000000000100,-9999999,-9999999,-9999999,-9999999,-9999999,-9999999,2282.92,*0000000000000100,*0000000000000100,945.79,21.6,*0000000000000100,*0000000000000100,-9999999,-9999999,-9999999,-9999999,2329.59,-9999999,-9999999,7.702,44.62,2177.7,60.6,1.375,0.891
TN393,Oregon Offshore Shallow Profiler - 500 m E,CE04OSPS,44.374,-124.9505,2021-08-26T09:16:44.000Z,CTD-006,*0000000000000100,571,TN393_CTD-006,*0000000000000100,13,*0000000000000100,2021-08-26T10:04:37.000Z,100.704,*0000000001000000,99.868,44.37410,-124.95056,7.9891,*0000000000000100,7.9907,*0000000000000100,3.516605,*0000000010000100,3.516699,*0000000010000100,33.8403,33.8399,2.2967,*0000000010000100,6.65145,2.2242,*0000000010000100,0.0724,98.2060,*0000000000000100,-9999999,*0000000010000100,2.557288315885498,*0000000000000100,*0000000000000100,0.14529577816959802,0.30588057680638897,1.3171355498721227,*0000000000000100,*0000000000000100,2.205902589569161,31.441636079365075,29.49365081814059,0.10017918185941041,0,*0000000000000100,*0000000000000100,33.845083644127776,*0000000000000100,*0000000000000100,-9999999,-9999999,-9999999,2283.13,*0000000000000100,*0000000000000100,965.21,21.7,*0000000000000100,*0000000000000100,-9999999,-9999999,-9999999,-9999999,2326.74,-9999999,-9999999,7.694,45.62,2178.27,59.24,1.351,0.875
TN393,Oregon Offshore Shallow Profiler - 500 m E,CE04OSPS,44.374,-124.9505,2021-08-26T09:16:44.000Z,CTD-006,*0000000000000100,571,TN393_CTD-006,*0000000000000100,15,*0000000000000100,2021-08-26T10:07:30.000Z,80.819,*0000000001000000,80.152,44.37408,-124.95056,8.1641,*0000000000000100,8.1658,*0000000000000100,3.503433,*0000000000000100,3.503495,*0000000000000100,33.5409,33.5400,2.8311,*0000000000000100,6.63824,2.1575,*0000000010000100,0.0531,98.6819,*0000000000000100,-9999999,*0000000010000100,-9999999,-9999999,-9999999,0.07792071974417958,0.13670537239273498,1.35752688172043,*0000000000000100,*0000000000000100,2.0778944875,25.788746881249995,26.25480104375,0.29946024375,0,*0000000000000100,*0000000000000100,-9999999,-9999999,-9999999,-9999999,-9999999,-9999999,2237.11,*0000000000000100,*0000000000000100,889.82,21.7,*0000000000000100,*0000000000000100,-9999999,-9999999,-9999999,-9999999,2288.59,-9999999,-9999999,7.722,41.88,2133.44,61.8,1.418,0.919
TN393,Oregon Offshore Shallow Profiler - 500 m E,CE04OSPS,44.374,-124.9505,2021-08-26T09:16:44.000Z,CTD-006,*0000000000000100,571,TN393_CTD-006,*0000000000000100,18,*0000000000001000,2021-08-26T10:10:49.000Z,60.057,*0000000001000000,59.564,44.37408,-124.95056,8.1931,*0000000000000100,8.1949,*0000000000000100,3.465307,*0000000010000100,3.465393,*0000000010000100,33.1179,33.1172,3.5384,*0000000010000100,6.65221,2.7305,*0000000010000100,0.0459,98.8587,*0000000000000100,-9999999,*0000000010000100,3.8957522815700885,*0000000000000100,*0000000000000100,0.15349795919530118,0.10497647434592919,1.5848214285714286,*0000000000000100,*0000000000000100,1.8163213586167801,21.06691424484127,22.277797419331065,0.09517441400226759,0,*0000000000000100,*0000000000000100,33.11457501457092,*0000000000000100,*0000000000000100,-9999999,-9999999,-9999999,2192.74,*0000000000000100,*0000000000000100,732.19,21.7,*0000000000000100,*0000000000000100,-9999999,-9999999,-9999999,-9999999,2266.05,-9999999,-9999999,7.799,34.51,2086.84,71.39,1.651,1.069
TN393,Oregon Offshore Shallow Profiler - 500 m E,CE04OSPS,44.374,-124.9505,2021-08-26T09:16:44.000Z,CTD-006,*0000000000000100,571,TN393_CTD-006,*0000000000000100,19,*0000000000000100,2021-08-26T10:13:04.000Z,40.289,*0000000001000000,39.961,44.37408,-124.95058,8.1438,*0000000000000100,8.1460,*0000000000000100,3.420440,*0000000000000100,3.420443,*0000000000000100,32.6972,32.6951,4.4618,*0000000000000100,6.67787,3.5445,*0000000010000100,0.0826,97.9611,*0000000000000100,-9999999,*0000000010000100,-9999999,-9999999,-9999999,0.5015047827144191,0.20699210208163216,1.6970684039087949,*0000000000000100,*0000000000000100,1.5191727660147394,14.350134986805555,16.45915206988379,0.14933685928287982,0,*0000000000000100,*0000000000000100,-9999999,-9999999,-9999999,-9999999,-9999999,-9999999,2139.13,*0000000000000100,*0000000000000100,577.28,21.6,*0000000000000100,*0000000000000100,-9999999,-9999999,-9999999,-9999999,2239.6,-9999999,-9999999,7.891,27.32,2027.23,84.58,1.97,1.276
TN393,Oregon Offshore Shallow Profiler - 500 m E,CE04OSPS,44.374,-124.9505,2021-08-26T09:16:44.000Z,CTD-006,*0000000000000100,571,TN393_CTD-006,*0000000000000100,21,*0000000000000100,2021-08-26T10:15:58.000Z,20.731,*0000000001000000,20.563,44.37408,-124.95056,11.6086,*0000000000000100,11.6101,*0000000000000100,3.689093,*0000000010000100,3.689308,*0000000010000100,32.3133,32.3141,6.6156,*0000000000000100,6.20597,48.2972,*0000000010000100,1.3877,70.6881,*0000000000000100,-9999999,*0000000010000100,-9999999,-9999999,-9999999,14.07025567952043,7.516975136056974,1.6418644430190292,*0000000000000100,*0000000000000100,0.5750090204081632,1.2001364571428565,0.9927726061224489,0.08544629387755104,0,*0000000000000100,*0000000000000100,32.430883790947455,*0000000000000100,*0000000000000100,-9999999,-9999999,-9999999,2000.54,*0000000000000100,*0000000000000100,285.15,21.7,*0000000000000100,*0000000000000100,-9999999,-9999999,-9999999,-9999999,2230.04,-9999999,-9999999,8.164,12.06,1826.8,161.69,3.797,2.474
TN393,Oregon Offshore Shallow Profiler - 500 m E,CE04OSPS,44.374,-124.9505,2021-08-26T09:16:44.000Z,CTD-006,*0000000000000100,571,TN393_CTD-006,*0000000000000100,22,*0000000000000100,2021-08-26T10:16:29.000Z,20.764,*0000000001000000,20.596,44.37408,-124.95056,11.6577,*0000000000000100,11.6595,*0000000000000100,3.695259,*0000000000000100,3.695572,*0000000000000100,32.3306,32.3320,6.6522,*0000000010000100,6.19884,49.5134,*0000000000000100,1.4026,70.4253,*0000000000000100,-9999999,*0000000000000100,7.306287062805298,*0000000000000100,*0000000000001000,-9999999,-9999999,-9999999,-9999999,-9999999,-9999999,-9999999,-9999999,-9999999,-9999999,-9999999,-9999999,-9999999,-9999999,-9999999,-9999999,-9999999,-9999999,-9999999,-9999999,-9999999,-9999999,-9999999,-9999999,-9999999,-9999999,-9999999,-9999999,-9999999,-9999999,-9999999,-9999999,-9999999,-9999999,-9999999,-9999999,-9999999,-9999999
TN393,Oregon Offshore Shallow Profiler - 500 m E,CE04OSPS,44.374,-124.9505,2021-08-26T09:16:44.000Z,CTD-006,*0000000000000100,571,TN393_CTD-006,*0000000000000100,22,*0000000000000100,2021-08-26T10:16:29.000Z,20.764,*0000000001000000,20.596,44.37408,-124.95056,11.6577,*0000000000000100,11.6595,*0000000000000100,3.695259,*0000000000000100,3.695572,*0000000000000100,32.3306,32.3320,6.6522,*0000000010000100,6.19884,49.5134,*0000000000000100,1.4026,70.4253,*0000000000000100,-9999999,*0000000000000100,7.289636078531055,*0000000000000100,*0000000000001000,-9999999,-9999999,-9999999,-9999999,-9999999,-9999999,-9999999,-9999999,-9999999,-9999999,-9999999,-9999999,-9999999,-9999999,-9999999,-9999999,-9999999,-9999999,-9999999,-9999999,-9999999,-9999999,-9999999,-9999999,-9999999,-9999999,-9999999,-9999999,-9999999,-9999999,-9999999,-9999999,-9999999,-9999999,-9999999,-9999999,-9999999,-9999999
TN393,Oregon Offshore Shallow Profiler - 500 m E,CE04OSPS,44.374,-124.9505,2021-08-26T09:16:44.000Z,CTD-006,*0000000000000100,571,TN393_CTD-006,*0000000000000100,23,*0000000000000100,2021-08-26T10:18:45.000Z,9.817,*0000000001000000,9.738,44.37410,-124.95056,13.3287,*0000000000000100,13.3234,*0000000000000100,3.818515,*0000000000000100,3.818044,*0000000000000100,32.0791,32.0792,7.3385,*0000000000000100,5.99568,21.2630,*0000000010000100,0.8619,80.6166,*0000000000000100,-9999999,*0000000000000100,-9999999,-9999999,-9999999,5.174404487072138,1.9890298139276759,1.7113402061855674,*0000000000000100,*0000000000000100,0.3174593289399093,0.48372112251984095,0.6118789316184807,0.025438105881519273,0,*0000000000000100,*0000000000000100,-9999999,-9999999,-9999999,-9999999,-9999999,-9999999,-9999999,-9999999,-9999999,-9999999,-9999999,-9999999,-9999999,-9999999,-9999999,-9999999,-9999999,-9999999,-9999999,-9999999,-9999999,-9999999,-9999999,-9999999,-9999999,-9999999
TN393,Axial Base Deep Profiler - 1000 m E,"RS03AXPD,RS03AXPS",45.8295,-129.746,2021-09-01T05:03:07.000Z,CTD-007,*0000000000000100,2623,TN393_CTD-007,*0000000000000100,1,*0000000000000100,2021-09-01T05:53:31.000Z,2637.907,*0000000001000000,2599.975,45.82942,-129.74606,1.7920,*0000000000000100,1.7946,*0000000000000100,3.141363,*0000000010000100,3.141540,*0000000010000100,34.6285,34.6279,1.6927,*0000000000000100,7.67017,2.0207,*0000000010000100,0.0041,99.8989,*0000000000000100,-9999999,*0000000000000100,-9999999,-9999999,-9999999,0.0052728306593805745,0.01145877329752943,1.3103448275862069,*0000000000000100,*0000000000000100,-9999999,-9999999,-9999999,-9999999,-9999999,-9999999,-9999999,34.70558587283612,*0000000000000101,*0000000000000100,-9999999,-9999999,-9999999,-9999999,-9999999,-9999999,-9999999,-9999999,-9999999,-9999999,-9999999,-9999999,-9999999,-9999999,-9999999,-9999999,-9999999,-9999999,-9999999,-9999999,-9999999,-9999999,-9999999
TN393,Axial Base Deep Profiler - 1000 m E,"RS03AXPD,RS03AXPS",45.8295,-129.746,2021-09-01T05:03:07.000Z,CTD-007,*0000000000000100,2623,TN393_CTD-007,*0000000000000100,2,*0000000000000100,2021-09-01T05:54:02.000Z,2637.907,*0000000001000000,2599.974,45.82942,-129.74606,1.7926,*0000000000000100,1.7952,*0000000000000100,3.141397,*0000000000000100,3.141567,*0000000000000100,34.6283,34.6276,1.6915,*0000000000000100,7.67006,2.0168,*0000000010000100,0.0037,99.9083,*0000000000000100,-9999999,*0000000000000100,-9999999,-9999999,-9999999,0.006444570805909588,0.014902648035665248,1.2972972972972971,*0000000000000100,*0000000000000100,-9999999,-9999999,-9999999,-9999999,-9999999,-9999999,-9999999,-9999999,-9999999,-9999999,-9999999,-9999999,-9999999,-9999999,-9999999,-9999999,-9999999,-9999999,-9999999,-9999999,-9999999,-9999999,-9999999,-9999999,-9999999,-9999999,-9999999,-9999999,-9999999,-9999999,-9999999,-9999999,-9999999
TN393,Axial Base Deep Profiler - 1000 m E,"RS03AXPD,RS03AXPS",45.8295,-129.746,2021-09-01T05:03:07.000Z,CTD-007,*0000000000000100,2623,TN393_CTD-007,*0000000000000100,3,*0000000000000100,2021-09-01T05:58:55.000Z,2433.376,*0000000001000000,2399.525,45.82944,-129.74608,1.8137,*0000000000000100,1.8161,*0000000000000100,3.134664,*0000000000000100,3.134840,*0000000000000100,34.6201,34.6197,1.6319,*0000000010000100,7.66642,1.9974,*0000000000000100,0.0007,99.9813,*0000000000000100,-9999999,*0000000000000100,1.7472051772874218,*0000000000000100,*0000000000001000,-9999999,-9999999,-9999999,-9999999,-9999999,-9999999,-9999999,-9999999,-9999999,-9999999,-9999999,-9999999,-9999999,-9999999,-9999999,-9999999,-9999999,-9999999,-9999999,-9999999,-9999999,-9999999,-9999999,-9999999,-9999999,-9999999,-9999999,-9999999,-9999999,-9999999,-9999999,-9999999,-9999999,-9999999,-9999999,-9999999,-9999999,-9999999
TN393,Axial Base Deep Profiler - 1000 m E,"RS03AXPD,RS03AXPS",45.8295,-129.746,2021-09-01T05:03:07.000Z,CTD-007,*0000000000000100,2623,TN393_CTD-007,*0000000000000100,3,*0000000000000100,2021-09-01T05:58:55.000Z,2433.376,*0000000001000000,2399.525,45.82944,-129.74608,1.8137,*0000000000000100,1.8161,*0000000000000100,3.134664,*0000000000000100,3.134840,*0000000000000100,34.6201,34.6197,1.6319,*0000000010000100,7.66642,1.9974,*0000000000000100,0.0007,99.9813,*0000000000000100,-9999999,*0000000000000100,2.0049981622978508,*0000000000000100,*0000000000001000,-9999999,-9999999,-9999999,-9999999,-9999999,-9999999,-9999999,-9999999,-9999999,-9999999,-9999999,-9999999,-9999999,-9999999,-9999999,-9999999,-9999999,-9999999,-9999999,-9999999,-9999999,-9999999,-9999999,-9999999,-9999999,-9999999,-9999999,-9999999,-9999999,-9999999,-9999999,-9999999,-9999999,-9999999,-9999999,-9999999,-9999999,-9999999
TN393,Axial Base Deep Profiler - 1000 m E,"RS03AXPD,RS03AXPS",45.8295,-129.746,2021-09-01T05:03:07.000Z,CTD-007,*0000000000000100,2623,TN393_CTD-007,*0000000000000100,5,*0000000000000100,2021-09-01T06:09:23.000Z,2026.331,*0000000001000000,2000.042,45.82942,-129.74606,1.9313,*0000000000000100,1.9333,*0000000000000100,3.126936,*0000000010000100,3.127100,*0000000010000100,34.5971,34.5969,1.3607,*0000000010000100,7.64496,2.0390,*0000000000000100,0.0004,99.9880,*0000000000000100,-9999999,*0000000000000100,1.5016184738175948,*0000000000000100,*0000000000000100,-9999999,-9999999,-9999999,-9999999,-9999999,-9999999,-9999999,-9999999,-9999999,-9999999,-9999999,-9999999,34.598106696150055,*0000000000000100,*0000000000000100,-9999999,-9999999,-9999999,-9999999,-9999999,-9999999,-9999999,-9999999,-9999999,-9999999,-9999999,-9999999,-9999999,-9999999,-9999999,-9999999,-9999999,-9999999,-9999999,-9999999,-9999999,-9999999,-9999999
TN393,Axial Base Deep Profiler - 1000 m E,"RS03AXPD,RS03AXPS",45.8295,-129.746,2021-09-01T05:03:07.000Z,CTD-007,*0000000000000100,2623,TN393_CTD-007,*0000000000000100,6,*0000000000000100,2021-09-01T06:19:27.000Z,1518.089,*0000000001000000,1500.187,45.82942,-129.74606,2.4269,*0000000000000100,2.4288,*0000000000000100,3.142103,*0000000010000100,3.142272,*0000000010000100,34.5084,34.5085,0.5879,*0000000010000100,7.55525,2.0564,*0000000010000100,0.0008,99.9791,*0000000000000100,-9999999,*0000000000000100,0.6122928504748348,*0000000000000100,*0000000000000100,0.004101090512851559,0.01032270600172603,1.28,*0000000000000100,*0000000000000100,-9999999,-9999999,-9999999,-9999999,-9999999,-9999999,-9999999,34.50933391318916,*0000000000000100,*0000000000000100,-9999999,-9999999,-9999999,-9999999,-9999999,-9999999,-9999999,-9999999,-9999999,-9999999,-9999999,-9999999,-9999999,-9999999,-9999999,-9999999,-9999999,-9999999,-9999999,-9999999,-9999999,-9999999,-9999999
TN393,Axial Base Deep Profiler - 1000 m E,"RS03AXPD,RS03AXPS",45.8295,-129.746,2021-09-01T05:03:07.000Z,CTD-007,*0000000000000100,2623,TN393_CTD-007,*0000000000000100,8,*0000000000000100,2021-09-01T06:31:34.000Z,909.602,*0000000001000000,900.176,45.82944,-129.74606,3.5182,*0000000000000100,3.5191,*0000000000000100,3.197525,*0000000010000100,3.197639,*0000000010000100,34.3358,34.3362,0.2224,*0000000010000100,7.36309,2.0652,*0000000000000100,0.0032,99.9213,*0000000000000100,-9999999,*0000000000000100,0.24560583552923415,*0000000000000100,*0000000000000100,-9999999,-9999999,-9999999,-9999999,-9999999,-9999999,-9999999,-9999999,-9999999,-9999999,-9999999,-9999999,34.34406166115657,*0000000000000100,*0000000000000100,-9999999,-9999999,-9999999,-9999999,-9999999,-9999999,-9999999,-9999999,-9999999,-9999999,-9999999,-9999999,-9999999,-9999999,-9999999,-9999999,-9999999,-9999999,-9999999,-9999999,-9999999,-9999999,-9999999
TN393,Axial Base Deep Profiler - 1000 m E,"RS03AXPD,RS03AXPS",45.8295,-129.746,2021-09-01T05:03:07.000Z,CTD-007,*0000000000000100,2623,TN393_CTD-007,*0000000000000100,10,*0000000000001100,2021-09-01T06:37:24.000Z,757.603,*0000000001000000,750.025,45.82944,-129.74606,3.9263,*0000000000000100,3.9275,*0000000000000100,3.220855,*0000000000000100,3.220987,*0000000000000100,34.2652,34.2655,0.2318,*0000000010000100,7.29379,2.0865,*0000000000000100,0.0030,99.9251,*0000000000000100,-9999999,*0000000000000100,0.3508664999241285,*0000000000000100,*0000000000000100,-9999999,-9999999,-9999999,-9999999,-9999999,-9999999,-9999999,-9999999,-9999999,-9999999,-9999999,-9999999,-9999999,-9999999,-9999999,-9999999,-9999999,-9999999,-9999999,-9999999,-9999999,-9999999,-9999999,-9999999,-9999999,-9999999,-9999999,-9999999,-9999999,-9999999,-9999999,-9999999,-9999999,-9999999,-9999999,-9999999,-9999999,-9999999
TN393,Axial Base Deep Profiler - 1000 m E,"RS03AXPD,RS03AXPS",45.8295,-129.746,2021-09-01T05:03:07.000Z,CTD-007,*0000000000000100,2623,TN393_CTD-007,*0000000000000100,12,*0000000000000100,2021-09-01T06:44:41.000Z,504.778,*0000000001000000,500.032,45.82943,-129.74605,4.5477,*0000000000000100,4.5466,*0000000000000100,3.244925,*0000000010000100,3.244914,*0000000010000100,34.0355,34.0366,0.8928,*0000000010000100,7.19637,2.0776,*0000000000000100,0.0058,99.8543,*0000000000000100,-9999999,*0000000000000100,0.9325733335307854,*0000000000000100,*0000000000000100,-9999999,-9999999,-9999999,-9999999,-9999999,-9999999,-9999999,-9999999,-9999999,-9999999,-9999999,-9999999,34.116380443937636,*0000000000000100,*0000000000000100,-9999999,-9999999,-9999999,-9999999,-9999999,-9999999,-9999999,-9999999,-9999999,-9999999,-9999999,-9999999,-9999999,-9999999,-9999999,-9999999,-9999999,-9999999,-9999999,-9999999,-9999999,-9999999,-9999999
TN393,Axial Base Deep Profiler - 1000 m E,"RS03AXPD,RS03AXPS",45.8295,-129.746,2021-09-01T05:03:07.000Z,CTD-007,*0000000000000100,2623,TN393_CTD-007,*0000000000000100,14,*0000000000000100,2021-09-01T06:52:02.000Z,252.283,*0000000001000000,250.064,45.82944,-129.74604,6.1873,*0000000000000100,6.1937,*0000000000000100,3.364135,*0000000010000100,3.364809,*0000000010000100,33.8671,33.8682,2.8445,*0000000000000100,6.93057,1.9725,*0000000000000100,0.0088,99.7791,*0000000000000100,-9999999,*0000000000000100,-9999999,-9999999,-9999999,-9999999,-9999999,-9999999,-9999999,-9999999,-9999999,-9999999,-9999999,-9999999,-9999999,-9999999,-9999999,33.86857604386064,*0000000000000100,*0000000000000100,-9999999,-9999999,-9999999,-9999999,-9999999,-9999999,-9999999,-9999999,-9999999,-9999999,-9999999,-9999999,-9999999,-9999999,-9999999,-9999999,-9999999,-9999999,-9999999,-9999999,-9999999,-9999999,-9999999
TN393,Axial Base Deep Profiler - 1000 m E,"RS03AXPD,RS03AXPS",45.8295,-129.746,2021-09-01T05:03:07.000Z,CTD-007,*0000000000000100,2623,TN393_CTD-007,*0000000000000100,16,*0000000000000100,2021-09-01T06:57:32.000Z,100.902,*0000000001000000,100.051,45.82942,-129.74606,8.6813,*0000000000000100,8.6820,*0000000000000100,3.442480,*0000000010000100,3.442650,*0000000010000100,32.4051,32.4063,6.0186,*0000000010000100,6.61033,4.1277,*0000000000000100,0.0321,99.2010,*0000000000000100,-9999999,*0000000000000100,6.406164586360557,*0000000000000100,*0000000000000100,-9999999,-9999999,-9999999,-9999999,-9999999,-9999999,-9999999,-9999999,-9999999,-9999999,-9999999,-9999999,32.42466078907833,*0000000000000100,*0000000000000100,-9999999,-9999999,-9999999,-9999999,-9999999,-9999999,-9999999,-9999999,-9999999,-9999999,-9999999,-9999999,-9999999,-9999999,-9999999,-9999999,-9999999,-9999999,-9999999,-9999999,-9999999,-9999999,-9999999
TN393,Axial Base Deep Profiler - 1000 m E,"RS03AXPD,RS03AXPS",45.8295,-129.746,2021-09-01T05:03:07.000Z,CTD-007,*0000000000000100,2623,TN393_CTD-007,*0000000000000100,17,*0000000000000100,2021-09-01T06:58:01.000Z,100.800,*0000000001000000,99.950,45.82942,-129.74606,8.6819,*0000000000000100,8.6857,*0000000000000100,3.442503,*0000000000000100,3.442899,*0000000000000100,32.4049,32.4056,6.0243,*0000000010000100,6.61026,3.8391,*0000000000000100,0.0320,99.2038,*0000000000000100,-9999999,*0000000000000100,6.460458782920557,*0000000000000100,*0000000000000100,-9999999,-9999999,-9999999,-9999999,-9999999,-9999999,-9999999,-9999999,-9999999,-9999999,-9999999,-9999999,-9999999,-9999999,-9999999,-9999999,-9999999,-9999999,-9999999,-9999999,-9999999,-9999999,-9999999,-9999999,-9999999,-9999999,-9999999,-9999999,-9999999,-9999999,-9999999,-9999999,-9999999,-9999999,-9999999,-9999999,-9999999,-9999999
TN393,Axial Base Deep Profiler - 1000 m E,"RS03AXPD,RS03AXPS",45.8295,-129.746,2021-09-01T05:03:07.000Z,CTD-007,*0000000000000100,2623,TN393_CTD-007,*0000000000000100,18,*0000000000000100,2021-09-01T07:00:20.000Z,75.680,*0000000001000000,75.046,45.82942,-129.74606,9.3050,*0000000000000100,9.3091,*0000000000000100,3.493202,*0000000010000100,3.493570,*0000000010000100,32.3748,32.3748,6.2103,*0000000010000100,6.52067,7.7196,*0000000010000100,0.0761,98.1141,*0000000000000100,-9999999,*0000000000000100,5.6241393922039,*0000000000000100,*0000000000000100,0.10076965260149544,0.034814034635533904,1.7319148936170214,*0000000000000100,*0000000000001000,0.4439993763888889,0.9070874284722226,0.3118401243055555,0.017689763194444458,0,*0000000000000100,*0000000000000100,32.50674127164602,*0000000000000100,*0000000000000100,-9999999,-9999999,-9999999,-9999999,-9999999,-9999999,-9999999,-9999999,-9999999,-9999999,-9999999,-9999999,-9999999,-9999999,-9999999,-9999999,-9999999,-9999999,-9999999,-9999999,-9999999,-9999999,-9999999
TN393,Axial Base Deep Profiler - 1000 m E,"RS03AXPD,RS03AXPS",45.8295,-129.746,2021-09-01T05:03:07.000Z,CTD-007,*0000000000000100,2623,TN393_CTD-007,*0000000000000100,18,*0000000000000100,2021-09-01T07:00:20.000Z,75.680,*0000000001000000,75.046,45.82942,-129.74606,9.3050,*0000000000000100,9.3091,*0000000000000100,3.493202,*0000000000000100,3.493570,*0000000000000100,32.3748,32.3748,6.2103,*0000000000000100,6.52067,7.7196,*0000000010000100,0.0761,98.1141,*0000000000000100,-9999999,*0000000000000100,-9999999,-9999999,-9999999,0.06737505842541844,0.018590768801463996,1.7718120805369126,*0000000000000100,*0000000000001000,-9999999,-9999999,-9999999,-9999999,-9999999,-9999999,-9999999,-9999999,-9999999,-9999999,-9999999,-9999999,-9999999,-9999999,-9999999,-9999999,-9999999,-9999999,-9999999,-9999999,-9999999,-9999999,-9999999,-9999999,-9999999,-9999999,-9999999,-9999999,-9999999,-9999999,-9999999,-9999999,-9999999
TN393,Axial Base Deep Profiler - 1000 m E,"RS03AXPD,RS03AXPS",45.8295,-129.746,2021-09-01T05:03:07.000Z,CTD-007,*0000000000000100,2623,TN393_CTD-007,*0000000000000100,19,*0000000000000100,2021-09-01T07:02:01.000Z,60.883,*0000000001000000,60.375,45.82942,-129.74605,10.1852,*0000000000000100,10.1872,*0000000000000100,3.569374,*0000000000000100,3.569684,*0000000000000100,32.3657,32.3670,6.3820,*0000000000000100,6.39646,9.9951,*0000000000000100,0.1266,96.8842,*0000000000000100,-9999999,*0000000000000100,-9999999,-9999999,-9999999,-9999999,-9999999,-9999999,-9999999,-9999999,0.6995399990929705,2.2114774031746025,3.4261931181405894,0.1972452485260771,0,*0000000000000100,*0000000000000100,-9999999,-9999999,-9999999,-9999999,-9999999,-9999999,-9999999,-9999999,-9999999,-9999999,-9999999,-9999999,-9999999,-9999999,-9999999,-9999999,-9999999,-9999999,-9999999,-9999999,-9999999,-9999999,-9999999,-9999999,-9999999,-9999999
TN393,Axial Base Deep Profiler - 1000 m E,"RS03AXPD,RS03AXPS",45.8295,-129.746,2021-09-01T05:03:07.000Z,CTD-007,*0000000000000100,2623,TN393_CTD-007,*0000000000000100,20,*0000000000000100,2021-09-01T07:02:29.000Z,60.721,*0000000001000000,60.214,45.82942,-129.74606,10.1868,*0000000000000100,10.1878,*0000000000000100,3.569516,*0000000010000100,3.569656,*0000000010000100,32.3658,32.3663,6.3791,*0000000010000100,6.39623,10.2841,*0000000000000100,0.1280,96.8505,*0000000000000100,-9999999,*0000000000000100,6.867143685986934,*0000000000000100,*0000000000000100,-9999999,-9999999,-9999999,-9999999,-9999999,0.717452349744898,2.2324562312499996,3.3311286274234693,0.1913596600765306,0,*0000000000000100,*0000000000000100,32.37002288157391,*0000000000000100,*0000000000000100,-9999999,-9999999,-9999999,-9999999,-9999999,-9999999,-9999999,-9999999,-9999999,-9999999,-9999999,-9999999,-9999999,-9999999,-9999999,-9999999,-9999999,-9999999,-9999999,-9999999,-9999999,-9999999,-9999999
TN393,Axial Base Deep Profiler - 1000 m E,"RS03AXPD,RS03AXPS",45.8295,-129.746,2021-09-01T05:03:07.000Z,CTD-007,*0000000000000100,2623,TN393_CTD-007,*0000000000000100,21,*0000000000000100,2021-09-01T07:05:01.000Z,40.518,*0000000001000000,40.182,45.82942,-129.74606,12.2758,*0000000000000100,12.2789,*0000000000000100,3.751162,*0000000010000100,3.751568,*0000000010000100,32.3266,32.3278,6.5283,*0000000010000100,6.11878,11.4941,*0000000010000100,0.1584,96.1172,*0000000000000100,-9999999,*0000000000000100,5.4319265647829935,*0000000000000101,*0000000000000100,0.3626535753507307,0.11967818009674401,1.7404306220095696,*0000000000000100,*0000000000000100,0.5020974212018141,1.3929065376984124,0.6302161509637189,0.03830314903628117,0,*0000000000000100,*0000000000000100,32.39763174005166,*0000000000000100,*0000000000000100,-9999999,-9999999,-9999999,-9999999,-9999999,-9999999,-9999999,-9999999,-9999999,-9999999,-9999999,-9999999,-9999999,-9999999,-9999999,-9999999,-9999999,-9999999,-9999999,-9999999,-9999999,-9999999,-9999999
TN393,Axial Base Deep Profiler - 1000 m E,"RS03AXPD,RS03AXPS",45.8295,-129.746,2021-09-01T05:03:07.000Z,CTD-007,*0000000000000100,2623,TN393_CTD-007,*0000000000000100,22,*0000000000000100,2021-09-01T07:05:33.000Z,40.540,*0000000001000000,40.204,45.82942,-129.74606,12.2490,*0000000000000100,12.2518,*0000000000000100,3.749095,*0000000010000100,3.749472,*0000000010000100,32.3299,32.3311,6.5363,*0000000000000100,6.12209,10.6860,*0000000010000100,0.1588,96.1086,*0000000000000100,-9999999,*0000000000000100,-9999999,-9999999,-9999999,0.5097069637401221,0.15032596476694843,1.7604895104895104,*0000000000000100,*0000000000000100,0.518997608701814,1.4081754641865079,0.6844360673327664,0.03902109516723357,0,*0000000000000100,*0000000000000100,32.33075449330937,*0000000000000100,*0000000000000100,-9999999,-9999999,-9999999,-9999999,-9999999,-9999999,-9999999,-9999999,-9999999,-9999999,-9999999,-9999999,-9999999,-9999999,-9999999,-9999999,-9999999,-9999999,-9999999,-9999999,-9999999,-9999999,-9999999
TN393,Axial Base Deep Profiler - 1000 m E,"RS03AXPD,RS03AXPS",45.8295,-129.746,2021-09-01T05:03:07.000Z,CTD-007,*0000000000000100,2623,TN393_CTD-007,*0000000000000100,23,*0000000000000100,2021-09-01T07:07:32.000Z,20.413,*0000000001000000,20.244,45.82944,-129.74604,17.6518,*0000000000000100,17.6332,*0000000000000100,4.255740,*0000000010000100,4.253771,*0000000010000100,32.4309,32.4290,5.2020,*0000000010000100,5.49092,3.5749,*0000000000000100,0.0734,98.1825,*0000000000000100,-9999999,*0000000000000100,5.611675577164205,*0000000000000100,*0000000000000100,-9999999,-9999999,-9999999,-9999999,-9999999,0.4352145836734694,0.6615339857142861,0.2435305836734694,0.019891616326530602,0,*0000000000000100,*0000000000000100,32.46414104630282,*0000000000000101,*0000000000000100,-9999999,-9999999,-9999999,-9999999,-9999999,-9999999,-9999999,-9999999,-9999999,-9999999,-9999999,-9999999,-9999999,-9999999,-9999999,-9999999,-9999999,-9999999,-9999999,-9999999,-9999999,-9999999,-9999999
TN393,Axial Base Deep Profiler - 1000 m E,"RS03AXPD,RS03AXPS",45.8295,-129.746,2021-09-01T05:03:07.000Z,CTD-007,*0000000000000100,2623,TN393_CTD-007,*0000000000000100,24,*0000000000000100,2021-09-01T07:09:21.000Z,10.162,*0000000001000000,10.078,45.82942,-129.74608,17.7232,*0000000000000100,17.7239,*0000000000000100,4.262252,*0000000000000100,4.262570,*0000000000000100,32.4331,32.4352,5.1866,*0000000010000100,5.48336,3.4214,*0000000000000100,0.0702,98.2605,*0000000000000100,-9999999,*0000000000000100,5.624836295030888,*0000000000000100,*0000000000000100,-9999999,-9999999,-9999999,-9999999,-9999999,0.43471902825963715,0.6795649939484133,0.5948293297477324,0.022471407752267584,0,*0000000000000100,*0000000000000100,-9999999,-9999999,-9999999,-9999999,-9999999,-9999999,-9999999,-9999999,-9999999,-9999999,-9999999,-9999999,-9999999,-9999999,-9999999,-9999999,-9999999,-9999999,-9999999,-9999999,-9999999,-9999999,-9999999,-9999999,-9999999,-9999999
TN393,Axial Base Junction Box LJ03A,"CTDPFB301,DOSTAD301",45.81690812,-129.75396431,2021-08-04T06:19:00.000Z,J2-1341,*0010000000000000,2606,TN393_J2-1341_20210804_0600,*0000000000000100,Aft Starboard,*0000000000011000,2021-08-04T06:24:00.000Z,2647.5165583333337,*0000000000000100,-9999999,-9999999,-9999999,1.7933783333333324,*0000000000000100,-9999999,-9999999,3.14086608333333,*0000000000000100,-9999999,-9999999,34.61644166666666,-9999999,-9999999,-9999999,-9999999,-9999999,-9999999,-9999999,-9999999,-9999999,-9999999,-9999999,3.8509604498981114,*0000000000000100,*0000000000000100,-9999999,-9999999,-9999999,-9999999,-9999999,-9999999,-9999999,-9999999,-9999999,-9999999,-9999999,-9999999,-9999999,-9999999,-9999999,-9999999,-9999999,-9999999,-9999999,-9999999,-9999999,-9999999,-9999999,-9999999,-9999999,-9999999,-9999999,-9999999,-9999999,-9999999,-9999999,-9999999,-9999999,-9999999,-9999999,-9999999,-9999999,-9999999
TN393,Axial Base Junction Box LJ03A,"CTDPFB301,DOSTAD301",45.81691077,-129.75396656,2021-08-04T06:20:00.000Z,J2-1341,*0010000000000000,2606,TN393_J2-1341_20210804_0600,*0000000000000100,Forward Starboard,*0000000000000100,2021-08-04T06:25:00.000Z,2647.512391666668,*0000000000000100,-9999999,-9999999,-9999999,1.7932899999999965,*0000000000000100,-9999999,-9999999,3.140858999999998,*0000000010000100,-9999999,-9999999,34.616447499999985,-9999999,-9999999,-9999999,-9999999,-9999999,-9999999,-9999999,-9999999,-9999999,-9999999,-9999999,1.9053264106297543,*0000000000000100,*0000000000001000,-9999999,-9999999,-9999999,-9999999,-9999999,-9999999,-9999999,-9999999,-9999999,-9999999,-9999999,-9999999,34.62875349094694,*0000000000000100,*0000000000000100,-9999999,-9999999,-9999999,-9999999,-9999999,-9999999,-9999999,-9999999,-9999999,-9999999,-9999999,-9999999,-9999999,-9999999,-9999999,-9999999,-9999999,-9999999,-9999999,-9999999,-9999999,-9999999,-9999999
TN393,Axial Base Junction Box LJ03A,"CTDPFB301,DOSTAD301",45.81691077,-129.75396656,2021-08-04T06:20:00.000Z,J2-1341,*0010000000000000,2606,TN393_J2-1341_20210804_0600,*0000000000000100,Forward Starboard,*0000000000000100,2021-08-04T06:25:00.000Z,2647.512391666668,*0000000000000100,-9999999,-9999999,-9999999,1.7932899999999965,*0000000000000100,-9999999,-9999999,3.140858999999998,*0000000000000100,-9999999,-9999999,34.616447499999985,-9999999,-9999999,-9999999,-9999999,-9999999,-9999999,-9999999,-9999999,-9999999,-9999999,-9999999,1.6931773004713304,*0000000000000100,*0000000000001000,-9999999,-9999999,-9999999,-9999999,-9999999,-9999999,-9999999,-9999999,-9999999,-9999999,-9999999,-9999999,-9999999,-9999999,-9999999,-9999999,-9999999,-9999999,-9999999,-9999999,-9999999,-9999999,-9999999,-9999999,-9999999,-9999999,-9999999,-9999999,-9999999,-9999999,-9999999,-9999999,-9999999,-9999999,-9999999,-9999999,-9999999,-9999999
TN393,Slope Base Junction Box LJ01A,"CTDPFB301,DOSTAD301",44.51514055,-125.38982755,2021-08-06T18:04:00.000Z,J2-1347,*0010000000000000,2902,TN393_J2-1347_20210806_1800,*0000000000000100,Aft Starboard,*0000000000000100,2021-08-06T18:09:00.000Z,2949.654174999998,*0000000000000100,-9999999,-9999999,-9999999,1.716263333333332,*0000000000000100,-9999999,-9999999,3.1470176666666676,*0000000010000100,-9999999,-9999999,34.633615,-9999999,-9999999,-9999999,-9999999,-9999999,-9999999,-9999999,-9999999,-9999999,-9999999,-9999999,2.080266126656747,*0000000000000100,*0000000000001000,-9999999,-9999999,-9999999,-9999999,-9999999,-9999999,-9999999,-9999999,-9999999,-9999999,-9999999,-9999999,34.64722223058919,*0000000000000100,*0000000000000100,-9999999,-9999999,-9999999,-9999999,-9999999,-9999999,-9999999,-9999999,-9999999,-9999999,-9999999,-9999999,-9999999,-9999999,-9999999,-9999999,-9999999,-9999999,-9999999,-9999999,-9999999,-9999999,-9999999
TN393,Slope Base Junction Box LJ01A,"CTDPFB301,DOSTAD301",44.51514055,-125.38982755,2021-08-06T18:04:00.000Z,J2-1347,*0010000000000000,2902,TN393_J2-1347_20210806_1800,*0000000000000100,Aft Starboard,*0000000000000100,2021-08-06T18:09:00.000Z,2949.654174999998,*0000000000000100,-9999999,-9999999,-9999999,1.716263333333332,*0000000000000100,-9999999,-9999999,3.1470176666666676,*0000000000000100,-9999999,-9999999,34.633615,-9999999,-9999999,-9999999,-9999999,-9999999,-9999999,-9999999,-9999999,-9999999,-9999999,-9999999,1.959976650890712,*0000000000000100,*0000000000001000,-9999999,-9999999,-9999999,-9999999,-9999999,-9999999,-9999999,-9999999,-9999999,-9999999,-9999999,-9999999,-9999999,-9999999,-9999999,-9999999,-9999999,-9999999,-9999999,-9999999,-9999999,-9999999,-9999999,-9999999,-9999999,-9999999,-9999999,-9999999,-9999999,-9999999,-9999999,-9999999,-9999999,-9999999,-9999999,-9999999,-9999999,-9999999
TN393,Slope Base Junction Box LJ01A,"CTDPFB301,DOSTAD301",44.51513416,-125.3898279,2021-08-06T18:03:00.000Z,J2-1347,*0010000000000000,2902,TN393_J2-1347_20210806_1800,*0000000000000100,Forward Starboard,*0000000000000100,2021-08-06T18:08:00.000Z,2949.6588833333326,*0000000000000100,-9999999,-9999999,-9999999,1.7162983333333328,*0000000000000100,-9999999,-9999999,3.1470214999999993,*0000000010000100,-9999999,-9999999,34.633617500000014,-9999999,-9999999,-9999999,-9999999,-9999999,-9999999,-9999999,-9999999,-9999999,-9999999,-9999999,2.0764292569621494,*0000000000000100,*0000000000001000,-9999999,-9999999,-9999999,-9999999,-9999999,-9999999,-9999999,-9999999,-9999999,-9999999,-9999999,-9999999,34.64741871495613,*0000000000000100,*0000000000000100,-9999999,-9999999,-9999999,-9999999,-9999999,-9999999,-9999999,-9999999,-9999999,-9999999,-9999999,-9999999,-9999999,-9999999,-9999999,-9999999,-9999999,-9999999,-9999999,-9999999,-9999999,-9999999,-9999999
TN393,Slope Base Junction Box LJ01A,"CTDPFB301,DOSTAD301",44.51513416,-125.3898279,2021-08-06T18:03:00.000Z,J2-1347,*0010000000000000,2902,TN393_J2-1347_20210806_1800,*0000000000000100,Forward Starboard,*0000000000000100,2021-08-06T18:08:00.000Z,2949.6588833333326,*0000000000000100,-9999999,-9999999,-9999999,1.7162983333333328,*0000000000000100,-9999999,-9999999,3.1470214999999993,*0000000000000100,-9999999,-9999999,34.633617500000014,-9999999,-9999999,-9999999,-9999999,-9999999,-9999999,-9999999,-9999999,-9999999,-9999999,-9999999,2.22657638432319,*0000000000000100,*0000000000001000,-9999999,-9999999,-9999999,-9999999,-9999999,-9999999,-9999999,-9999999,-9999999,-9999999,-9999999,-9999999,-9999999,-9999999,-9999999,-9999999,-9999999,-9999999,-9999999,-9999999,-9999999,-9999999,-9999999,-9999999,-9999999,-9999999,-9999999,-9999999,-9999999,-9999999,-9999999,-9999999,-9999999,-9999999,-9999999,-9999999,-9999999,-9999999
TN393,Slope Base Deep Profiler,RS01SBPD,44.52702636,-125.38038934,2021-08-23T04:20:00.000Z,J2-1369,*0010000000000000,2892,TN393_J2-1369_20210823_combined,*0000000000000101,Aft Starboard,*0000000000000100,2021-08-23T04:25:00.000Z,2939.5904333333333,*0000000000000100,-9999999,-9999999,-9999999,1.7167458333333323,*0000000000000100,-9999999,-9999999,3.1463699166666657,*0000000010000100,-9999999,-9999999,34.62979083333334,-9999999,-9999999,-9999999,-9999999,-9999999,-9999999,-9999999,-9999999,-9999999,-9999999,-9999999,2.1665303891783974,*0000000000000100,*0000000000000100,0.007616310952438611,0.054117538129953464,1.1214953271028039,*0000000000000100,*0000000000000100,-9999999,-9999999,-9999999,-9999999,-9999999,-9999999,-9999999,34.64584684497998,*0000000000000100,*0000000000000100,-9999999,-9999999,-9999999,-9999999,-9999999,-9999999,-9999999,-9999999,-9999999,-9999999,-9999999,-9999999,-9999999,-9999999,-9999999,-9999999,-9999999,-9999999,-9999999,-9999999,-9999999,-9999999,-9999999
TN393,Slope Base Deep Profiler,RS01SBPD,44.52647932,-125.38023314,2021-08-23T05:11:00.000Z,J2-1369,*0010000000000000,2892,TN393_J2-1369_20210823_combined,*0000000000000101,Forward Starboard,*0000000000000100,2021-08-23T05:16:00.000Z,1520.2778583333336,*0000000000000100,-9999999,-9999999,-9999999,2.5519358333333346,*0000000000000100,-9999999,-9999999,3.1534908333333336,*0000000010000100,-9999999,-9999999,34.5132741666667,-9999999,-9999999,-9999999,-9999999,-9999999,-9999999,-9999999,-9999999,-9999999,-9999999,-9999999,0.9034112461009859,*0000000000000100,*0000000000000100,0.005039742565716201,0.016053121154526295,1.2352941176470589,*0000000000000100,*0000000000000100,-9999999,-9999999,-9999999,-9999999,-9999999,-9999999,-9999999,34.52818528244093,*0000000000000100,*0000000000000100,-9999999,-9999999,-9999999,-9999999,-9999999,-9999999,-9999999,-9999999,-9999999,-9999999,-9999999,-9999999,-9999999,-9999999,-9999999,-9999999,-9999999,-9999999,-9999999,-9999999,-9999999,-9999999,-9999999
