,0,1,2,3,4,5,6,7,8,9,10,11
0,309129,2015-08-03 16:09:00,309168,2015-08-03 16:48:00,309168,2015-08-03 16:48:00,309193,2015-08-03 17:13:00,309193,2015-08-03 17:13:00,309205,2015-08-03 17:25:00
1,309205,2015-08-03 17:25:00,309236,2015-08-03 17:56:00,309236,2015-08-03 17:56:00,309270,2015-08-03 18:30:00,309270,2015-08-03 18:30:00,309334,2015-08-03 19:34:00
2,310559,2015-08-04 15:59:00,310590,2015-08-04 16:30:00,310590,2015-08-04 16:30:00,310609,2015-08-04 16:49:00,310609,2015-08-04 16:49:00,310634,2015-08-04 17:14:00
3,310634,2015-08-04 17:14:00,310664,2015-08-04 17:44:00,310664,2015-08-04 17:44:00,310705,2015-08-04 18:25:00,310705,2015-08-04 18:25:00,310706,2015-08-04 18:26:00
4,310706,2015-08-04 18:26:00,310736,2015-08-04 18:56:00,310736,2015-08-04 18:56:00,310769,2015-08-04 19:29:00,310769,2015-08-04 19:29:00,310774,2015-08-04 19:34:00
5,310774,2015-08-04 19:34:00,310805,2015-08-04 20:05:00,310805,2015-08-04 20:05:00,310843,2015-08-04 20:43:00,310843,2015-08-04 20:43:00,310844,2015-08-04 20:44:00
6,310844,2015-08-04 20:44:00,310874,2015-08-04 21:14:00,310874,2015-08-04 21:14:00,310905,2015-08-04 21:45:00,310905,2015-08-04 21:45:00,310913,2015-08-04 21:53:00
7,312033,2015-08-05 16:33:00,312064,2015-08-05 17:04:00,312064,2015-08-05 17:04:00,312101,2015-08-05 17:41:00,312101,2015-08-05 17:41:00,312117,2015-08-05 17:57:00
8,312117,2015-08-05 17:57:00,312157,2015-08-05 18:37:00,312157,2015-08-05 18:37:00,312262,2015-08-05 20:22:00,312262,2015-08-05 20:22:00,312263,2015-08-05 20:23:00
9,313422,2015-08-06 15:42:00,313453,2015-08-06 16:13:00,313453,2015-08-06 16:13:00,313491,2015-08-06 16:51:00,313491,2015-08-06 16:51:00,313589,2015-08-06 18:29:00
10,313589,2015-08-06 18:29:00,313615,2015-08-06 18:55:00,313615,2015-08-06 18:55:00,313647,2015-08-06 19:27:00,313647,2015-08-06 19:27:00,313666,2015-08-06 19:46:00
11,313666,2015-08-06 19:46:00,313729,2015-08-06 20:49:00,313729,2015-08-06 20:49:00,313762,2015-08-06 21:22:00,313762,2015-08-06 21:22:00,313769,2015-08-06 21:29:00
12,313769,2015-08-06 21:29:00,313814,2015-08-06 22:14:00,313814,2015-08-06 22:14:00,313822,2015-08-06 22:22:00,313822,2015-08-06 22:22:00,313829,2015-08-06 22:29:00
13,314941,2015-08-07 17:01:00,315001,2015-08-07 18:01:00,315001,2015-08-07 18:01:00,315099,2015-08-07 19:39:00,315099,2015-08-07 19:39:00,315126,2015-08-07 20:06:00
14,315126,2015-08-07 20:06:00,315186,2015-08-07 21:06:00,315186,2015-08-07 21:06:00,315284,2015-08-07 22:44:00,315284,2015-08-07 22:44:00,315295,2015-08-07 22:55:00
15,352446,2015-09-02 18:06:00,352465,2015-09-02 18:25:00,352465,2015-09-02 18:25:00,352474,2015-09-02 18:34:00,352474,2015-09-02 18:34:00,352475,2015-09-02 18:35:00
16,352475,2015-09-02 18:35:00,352491,2015-09-02 18:51:00,352491,2015-09-02 18:51:00,352500,2015-09-02 19:00:00,352500,2015-09-02 19:00:00,352501,2015-09-02 19:01:00
17,352501,2015-09-02 19:01:00,352517,2015-09-02 19:17:00,352517,2015-09-02 19:17:00,352526,2015-09-02 19:26:00,352526,2015-09-02 19:26:00,352552,2015-09-02 19:52:00
18,352552,2015-09-02 19:52:00,352569,2015-09-02 20:09:00,352569,2015-09-02 20:09:00,352578,2015-09-02 20:18:00,352578,2015-09-02 20:18:00,352604,2015-09-02 20:44:00
19,352604,2015-09-02 20:44:00,352620,2015-09-02 21:00:00,352620,2015-09-02 21:00:00,352630,2015-09-02 21:10:00,352630,2015-09-02 21:10:00,352656,2015-09-02 21:36:00
20,352656,2015-09-02 21:36:00,352672,2015-09-02 21:52:00,352672,2015-09-02 21:52:00,352681,2015-09-02 22:01:00,352681,2015-09-02 22:01:00,352682,2015-09-02 22:02:00
21,353978,2015-09-03 19:38:00,354002,2015-09-03 20:02:00,354002,2015-09-03 20:02:00,354027,2015-09-03 20:27:00,354027,2015-09-03 20:27:00,354031,2015-09-03 20:31:00
22,354031,2015-09-03 20:31:00,354056,2015-09-03 20:56:00,354056,2015-09-03 20:56:00,354082,2015-09-03 21:22:00,354082,2015-09-03 21:22:00,354096,2015-09-03 21:36:00
23,382858,2015-09-23 20:58:00,382887,2015-09-23 21:27:00,382887,2015-09-23 21:27:00,382916,2015-09-23 21:56:00,382916,2015-09-23 21:56:00,382920,2015-09-23 22:00:00
24,392657,2015-09-30 16:17:00,392714,2015-09-30 17:14:00,392714,2015-09-30 17:14:00,392744,2015-09-30 17:44:00,392744,2015-09-30 17:44:00,392746,2015-09-30 17:46:00
25,412949,2015-10-14 18:29:00,413005,2015-10-14 19:25:00,413005,2015-10-14 19:25:00,413035,2015-10-14 19:55:00,413035,2015-10-14 19:55:00,413094,2015-10-14 20:54:00
26,414420,2015-10-15 19:00:00,414447,2015-10-15 19:27:00,414447,2015-10-15 19:27:00,414474,2015-10-15 19:54:00,414474,2015-10-15 19:54:00,414478,2015-10-15 19:58:00
27,414478,2015-10-15 19:58:00,414504,2015-10-15 20:24:00,414504,2015-10-15 20:24:00,414531,2015-10-15 20:51:00,414531,2015-10-15 20:51:00,414535,2015-10-15 20:55:00
28,414535,2015-10-15 20:55:00,414562,2015-10-15 21:22:00,414562,2015-10-15 21:22:00,414589,2015-10-15 21:49:00,414589,2015-10-15 21:49:00,414592,2015-10-15 21:52:00
29,414592,2015-10-15 21:52:00,414619,2015-10-15 22:19:00,414619,2015-10-15 22:19:00,414646,2015-10-15 22:46:00,414646,2015-10-15 22:46:00,414650,2015-10-15 22:50:00
30,414650,2015-10-15 22:50:00,414677,2015-10-15 23:17:00,414677,2015-10-15 23:17:00,414704,2015-10-15 23:44:00,414704,2015-10-15 23:44:00,414707,2015-10-15 23:47:00
31,414707,2015-10-15 23:47:00,414734,2015-10-16 00:14:00,414734,2015-10-16 00:14:00,414761,2015-10-16 00:41:00,414761,2015-10-16 00:41:00,414765,2015-10-16 00:45:00
32,414765,2015-10-16 00:45:00,414791,2015-10-16 01:11:00,414791,2015-10-16 01:11:00,414818,2015-10-16 01:38:00,414818,2015-10-16 01:38:00,414822,2015-10-16 01:42:00
33,414822,2015-10-16 01:42:00,414849,2015-10-16 02:09:00,414849,2015-10-16 02:09:00,414876,2015-10-16 02:36:00,414876,2015-10-16 02:36:00,414879,2015-10-16 02:39:00
34,414879,2015-10-16 02:39:00,414906,2015-10-16 03:06:00,414906,2015-10-16 03:06:00,414933,2015-10-16 03:33:00,414933,2015-10-16 03:33:00,414937,2015-10-16 03:37:00
35,414937,2015-10-16 03:37:00,414964,2015-10-16 04:04:00,414964,2015-10-16 04:04:00,414990,2015-10-16 04:30:00,414990,2015-10-16 04:30:00,414994,2015-10-16 04:34:00
36,414994,2015-10-16 04:34:00,415021,2015-10-16 05:01:00,415021,2015-10-16 05:01:00,415048,2015-10-16 05:28:00,415048,2015-10-16 05:28:00,415052,2015-10-16 05:32:00
37,415052,2015-10-16 05:32:00,415078,2015-10-16 05:58:00,415078,2015-10-16 05:58:00,415105,2015-10-16 06:25:00,415105,2015-10-16 06:25:00,415109,2015-10-16 06:29:00
38,415109,2015-10-16 06:29:00,415136,2015-10-16 06:56:00,415136,2015-10-16 06:56:00,415163,2015-10-16 07:23:00,415163,2015-10-16 07:23:00,415166,2015-10-16 07:26:00
39,415166,2015-10-16 07:26:00,415193,2015-10-16 07:53:00,415193,2015-10-16 07:53:00,415220,2015-10-16 08:20:00,415220,2015-10-16 08:20:00,415224,2015-10-16 08:24:00
40,415224,2015-10-16 08:24:00,415251,2015-10-16 08:51:00,415251,2015-10-16 08:51:00,415277,2015-10-16 09:17:00,415277,2015-10-16 09:17:00,415281,2015-10-16 09:21:00
41,415281,2015-10-16 09:21:00,415308,2015-10-16 09:48:00,415308,2015-10-16 09:48:00,415335,2015-10-16 10:15:00,415335,2015-10-16 10:15:00,415339,2015-10-16 10:19:00
42,415339,2015-10-16 10:19:00,415365,2015-10-16 10:45:00,415365,2015-10-16 10:45:00,415392,2015-10-16 11:12:00,415392,2015-10-16 11:12:00,415396,2015-10-16 11:16:00
43,415396,2015-10-16 11:16:00,415423,2015-10-16 11:43:00,415423,2015-10-16 11:43:00,415450,2015-10-16 12:10:00,415450,2015-10-16 12:10:00,415453,2015-10-16 12:13:00
44,415814,2015-10-16 18:14:00,415873,2015-10-16 19:13:00,415873,2015-10-16 19:13:00,415903,2015-10-16 19:43:00,415903,2015-10-16 19:43:00,415944,2015-10-16 20:24:00
45,415944,2015-10-16 20:24:00,416003,2015-10-16 21:23:00,416003,2015-10-16 21:23:00,416034,2015-10-16 21:54:00,416034,2015-10-16 21:54:00,416094,2015-10-16 22:54:00
46,416094,2015-10-16 22:54:00,416153,2015-10-16 23:53:00,416153,2015-10-16 23:53:00,416214,2015-10-17 00:54:00,416214,2015-10-17 00:54:00,416324,2015-10-17 02:44:00
47,416324,2015-10-17 02:44:00,416383,2015-10-17 03:43:00,416383,2015-10-17 03:43:00,416413,2015-10-17 04:13:00,416413,2015-10-17 04:13:00,416464,2015-10-17 05:04:00
48,421574,2015-10-20 18:14:00,421633,2015-10-20 19:13:00,421633,2015-10-20 19:13:00,421663,2015-10-20 19:43:00,421663,2015-10-20 19:43:00,421704,2015-10-20 20:24:00
49,421704,2015-10-20 20:24:00,421763,2015-10-20 21:23:00,421763,2015-10-20 21:23:00,421794,2015-10-20 21:54:00,421794,2015-10-20 21:54:00,421854,2015-10-20 22:54:00
50,421854,2015-10-20 22:54:00,421913,2015-10-20 23:53:00,421913,2015-10-20 23:53:00,421974,2015-10-21 00:54:00,421974,2015-10-21 00:54:00,422084,2015-10-21 02:44:00
51,424454,2015-10-22 18:14:00,424513,2015-10-22 19:13:00,424513,2015-10-22 19:13:00,424544,2015-10-22 19:44:00,424544,2015-10-22 19:44:00,424584,2015-10-22 20:24:00
52,427334,2015-10-24 18:14:00,427393,2015-10-24 19:13:00,427393,2015-10-24 19:13:00,427424,2015-10-24 19:44:00,427424,2015-10-24 19:44:00,427464,2015-10-24 20:24:00
53,427464,2015-10-24 20:24:00,427523,2015-10-24 21:23:00,427523,2015-10-24 21:23:00,427554,2015-10-24 21:54:00,427554,2015-10-24 21:54:00,427614,2015-10-24 22:54:00
54,430344,2015-10-26 20:24:00,430403,2015-10-26 21:23:00,430403,2015-10-26 21:23:00,430434,2015-10-26 21:54:00,430434,2015-10-26 21:54:00,430494,2015-10-26 22:54:00
55,430494,2015-10-26 22:54:00,430553,2015-10-26 23:53:00,430553,2015-10-26 23:53:00,430614,2015-10-27 00:54:00,430614,2015-10-27 00:54:00,430724,2015-10-27 02:44:00
56,430724,2015-10-27 02:44:00,430783,2015-10-27 03:43:00,430783,2015-10-27 03:43:00,430814,2015-10-27 04:14:00,430814,2015-10-27 04:14:00,430864,2015-10-27 05:04:00
57,430864,2015-10-27 05:04:00,430923,2015-10-27 06:03:00,430923,2015-10-27 06:03:00,430953,2015-10-27 06:33:00,430953,2015-10-27 06:33:00,430999,2015-10-27 07:19:00
58,431555,2015-10-27 16:35:00,431578,2015-10-27 16:58:00,431578,2015-10-27 16:58:00,431608,2015-10-27 17:28:00,431608,2015-10-27 17:28:00,431637,2015-10-27 17:57:00
59,431637,2015-10-27 17:57:00,431667,2015-10-27 18:27:00,431667,2015-10-27 18:27:00,431697,2015-10-27 18:57:00,431697,2015-10-27 18:57:00,431726,2015-10-27 19:26:00
60,431726,2015-10-27 19:26:00,431756,2015-10-27 19:56:00,431756,2015-10-27 19:56:00,431786,2015-10-27 20:26:00,431786,2015-10-27 20:26:00,431815,2015-10-27 20:55:00
61,431815,2015-10-27 20:55:00,431845,2015-10-27 21:25:00,431845,2015-10-27 21:25:00,431942,2015-10-27 23:02:00,431942,2015-10-27 23:02:00,431971,2015-10-27 23:31:00
62,431971,2015-10-27 23:31:00,432001,2015-10-28 00:01:00,432001,2015-10-28 00:01:00,432031,2015-10-28 00:31:00,432031,2015-10-28 00:31:00,432060,2015-10-28 01:00:00
63,433240,2015-10-28 20:40:00,433270,2015-10-28 21:10:00,433270,2015-10-28 21:10:00,433300,2015-10-28 21:40:00,433300,2015-10-28 21:40:00,433329,2015-10-28 22:09:00
64,433329,2015-10-28 22:09:00,433359,2015-10-28 22:39:00,433359,2015-10-28 22:39:00,433389,2015-10-28 23:09:00,433389,2015-10-28 23:09:00,433418,2015-10-28 23:38:00
65,433418,2015-10-28 23:38:00,433537,2015-10-29 01:37:00,433537,2015-10-29 01:37:00,433567,2015-10-29 02:07:00,433567,2015-10-29 02:07:00,433596,2015-10-29 02:36:00
66,433596,2015-10-29 02:36:00,433626,2015-10-29 03:06:00,433626,2015-10-29 03:06:00,433656,2015-10-29 03:36:00,433656,2015-10-29 03:36:00,433685,2015-10-29 04:05:00
67,433685,2015-10-29 04:05:00,433715,2015-10-29 04:35:00,433715,2015-10-29 04:35:00,433745,2015-10-29 05:05:00,433745,2015-10-29 05:05:00,433774,2015-10-29 05:34:00
68,433774,2015-10-29 05:34:00,433804,2015-10-29 06:04:00,433804,2015-10-29 06:04:00,433834,2015-10-29 06:34:00,433834,2015-10-29 06:34:00,433863,2015-10-29 07:03:00
69,433863,2015-10-29 07:03:00,433893,2015-10-29 07:33:00,433893,2015-10-29 07:33:00,433923,2015-10-29 08:03:00,433923,2015-10-29 08:03:00,433952,2015-10-29 08:32:00
70,433952,2015-10-29 08:32:00,433982,2015-10-29 09:02:00,433982,2015-10-29 09:02:00,434012,2015-10-29 09:32:00,434012,2015-10-29 09:32:00,434041,2015-10-29 10:01:00
71,434041,2015-10-29 10:01:00,434071,2015-10-29 10:31:00,434071,2015-10-29 10:31:00,434101,2015-10-29 11:01:00,434101,2015-10-29 11:01:00,434130,2015-10-29 11:30:00
72,434664,2015-10-29 20:24:00,434723,2015-10-29 21:23:00,434723,2015-10-29 21:23:00,434754,2015-10-29 21:54:00,434754,2015-10-29 21:54:00,434814,2015-10-29 22:54:00
73,436090,2015-10-30 20:10:00,436100,2015-10-30 20:20:00,436100,2015-10-30 20:20:00,436122,2015-10-30 20:42:00,436122,2015-10-30 20:42:00,436138,2015-10-30 20:58:00
74,440424,2015-11-02 20:24:00,440471,2015-11-02 21:11:00,440471,2015-11-02 21:11:00,440494,2015-11-02 21:34:00,440494,2015-11-02 21:34:00,440574,2015-11-02 22:54:00
75,441864,2015-11-03 20:24:00,441911,2015-11-03 21:11:00,441911,2015-11-03 21:11:00,441933,2015-11-03 21:33:00,441933,2015-11-03 21:33:00,442014,2015-11-03 22:54:00
76,443684,2015-11-05 02:44:00,443726,2015-11-05 03:26:00,443726,2015-11-05 03:26:00,443748,2015-11-05 03:48:00,443748,2015-11-05 03:48:00,443824,2015-11-05 05:04:00
77,444744,2015-11-05 20:24:00,444786,2015-11-05 21:06:00,444786,2015-11-05 21:06:00,444808,2015-11-05 21:28:00,444808,2015-11-05 21:28:00,444894,2015-11-05 22:54:00
78,445124,2015-11-06 02:44:00,445166,2015-11-06 03:26:00,445166,2015-11-06 03:26:00,445188,2015-11-06 03:48:00,445188,2015-11-06 03:48:00,445264,2015-11-06 05:04:00
79,445264,2015-11-06 05:04:00,445306,2015-11-06 05:46:00,445306,2015-11-06 05:46:00,445328,2015-11-06 06:08:00,445328,2015-11-06 06:08:00,445399,2015-11-06 07:19:00
80,445399,2015-11-06 07:19:00,445441,2015-11-06 08:01:00,445441,2015-11-06 08:01:00,445463,2015-11-06 08:23:00,445463,2015-11-06 08:23:00,445544,2015-11-06 09:44:00
81,445544,2015-11-06 09:44:00,445586,2015-11-06 10:26:00,445586,2015-11-06 10:26:00,445608,2015-11-06 10:48:00,445608,2015-11-06 10:48:00,445694,2015-11-06 12:14:00
82,445919,2015-11-06 15:59:00,445961,2015-11-06 16:41:00,445961,2015-11-06 16:41:00,445983,2015-11-06 17:03:00,445983,2015-11-06 17:03:00,446054,2015-11-06 18:14:00
83,446054,2015-11-06 18:14:00,446096,2015-11-06 18:56:00,446096,2015-11-06 18:56:00,446118,2015-11-06 19:18:00,446118,2015-11-06 19:18:00,446184,2015-11-06 20:24:00
84,446184,2015-11-06 20:24:00,446238,2015-11-06 21:18:00,446238,2015-11-06 21:18:00,446269,2015-11-06 21:49:00,446269,2015-11-06 21:49:00,446334,2015-11-06 22:54:00
85,450374,2015-11-09 18:14:00,450433,2015-11-09 19:13:00,450433,2015-11-09 19:13:00,450464,2015-11-09 19:44:00,450464,2015-11-09 19:44:00,450504,2015-11-09 20:24:00
86,450654,2015-11-09 22:54:00,450713,2015-11-09 23:53:00,450713,2015-11-09 23:53:00,450774,2015-11-10 00:54:00,450774,2015-11-10 00:54:00,450884,2015-11-10 02:44:00
87,450884,2015-11-10 02:44:00,450943,2015-11-10 03:43:00,450943,2015-11-10 03:43:00,450974,2015-11-10 04:14:00,450974,2015-11-10 04:14:00,451024,2015-11-10 05:04:00
88,451024,2015-11-10 05:04:00,451083,2015-11-10 06:03:00,451083,2015-11-10 06:03:00,451114,2015-11-10 06:34:00,451114,2015-11-10 06:34:00,451159,2015-11-10 07:19:00
89,451159,2015-11-10 07:19:00,451218,2015-11-10 08:18:00,451218,2015-11-10 08:18:00,451249,2015-11-10 08:49:00,451249,2015-11-10 08:49:00,451304,2015-11-10 09:44:00
90,451304,2015-11-10 09:44:00,451363,2015-11-10 10:43:00,451363,2015-11-10 10:43:00,451394,2015-11-10 11:14:00,451394,2015-11-10 11:14:00,451454,2015-11-10 12:14:00
91,451454,2015-11-10 12:14:00,451513,2015-11-10 13:13:00,451513,2015-11-10 13:13:00,451594,2015-11-10 14:34:00,451594,2015-11-10 14:34:00,451679,2015-11-10 15:59:00
92,451944,2015-11-10 20:24:00,452003,2015-11-10 21:23:00,452003,2015-11-10 21:23:00,452033,2015-11-10 21:53:00,452033,2015-11-10 21:53:00,452094,2015-11-10 22:54:00
93,452094,2015-11-10 22:54:00,452153,2015-11-10 23:53:00,452153,2015-11-10 23:53:00,452234,2015-11-11 01:14:00,452234,2015-11-11 01:14:00,452324,2015-11-11 02:44:00
94,452324,2015-11-11 02:44:00,452383,2015-11-11 03:43:00,452383,2015-11-11 03:43:00,452414,2015-11-11 04:14:00,452414,2015-11-11 04:14:00,452464,2015-11-11 05:04:00
95,452464,2015-11-11 05:04:00,452523,2015-11-11 06:03:00,452523,2015-11-11 06:03:00,452554,2015-11-11 06:34:00,452554,2015-11-11 06:34:00,452599,2015-11-11 07:19:00
96,452599,2015-11-11 07:19:00,452658,2015-11-11 08:18:00,452658,2015-11-11 08:18:00,452689,2015-11-11 08:49:00,452689,2015-11-11 08:49:00,452744,2015-11-11 09:44:00
97,452744,2015-11-11 09:44:00,452803,2015-11-11 10:43:00,452803,2015-11-11 10:43:00,452834,2015-11-11 11:14:00,452834,2015-11-11 11:14:00,452894,2015-11-11 12:14:00
98,452894,2015-11-11 12:14:00,452954,2015-11-11 13:14:00,452954,2015-11-11 13:14:00,453035,2015-11-11 14:35:00,453035,2015-11-11 14:35:00,453119,2015-11-11 15:59:00
99,480894,2015-11-30 22:54:00,480953,2015-11-30 23:53:00,480953,2015-11-30 23:53:00,481034,2015-12-01 01:14:00,481034,2015-12-01 01:14:00,481124,2015-12-01 02:44:00
100,481124,2015-12-01 02:44:00,481183,2015-12-01 03:43:00,481183,2015-12-01 03:43:00,481213,2015-12-01 04:13:00,481213,2015-12-01 04:13:00,481264,2015-12-01 05:04:00
101,481264,2015-12-01 05:04:00,481323,2015-12-01 06:03:00,481323,2015-12-01 06:03:00,481354,2015-12-01 06:34:00,481354,2015-12-01 06:34:00,481399,2015-12-01 07:19:00
102,481399,2015-12-01 07:19:00,481458,2015-12-01 08:18:00,481458,2015-12-01 08:18:00,481488,2015-12-01 08:48:00,481488,2015-12-01 08:48:00,481544,2015-12-01 09:44:00
103,481544,2015-12-01 09:44:00,481603,2015-12-01 10:43:00,481603,2015-12-01 10:43:00,481633,2015-12-01 11:13:00,481633,2015-12-01 11:13:00,481694,2015-12-01 12:14:00
104,481694,2015-12-01 12:14:00,481754,2015-12-01 13:14:00,481754,2015-12-01 13:14:00,481835,2015-12-01 14:35:00,481835,2015-12-01 14:35:00,481919,2015-12-01 15:59:00
105,481919,2015-12-01 15:59:00,481978,2015-12-01 16:58:00,481978,2015-12-01 16:58:00,482009,2015-12-01 17:29:00,482009,2015-12-01 17:29:00,482054,2015-12-01 18:14:00
106,482054,2015-12-01 18:14:00,482113,2015-12-01 19:13:00,482113,2015-12-01 19:13:00,482144,2015-12-01 19:44:00,482144,2015-12-01 19:44:00,482184,2015-12-01 20:24:00
107,482184,2015-12-01 20:24:00,482243,2015-12-01 21:23:00,482243,2015-12-01 21:23:00,482274,2015-12-01 21:54:00,482274,2015-12-01 21:54:00,482334,2015-12-01 22:54:00
108,482334,2015-12-01 22:54:00,482393,2015-12-01 23:53:00,482393,2015-12-01 23:53:00,482475,2015-12-02 01:15:00,482475,2015-12-02 01:15:00,482564,2015-12-02 02:44:00
109,482564,2015-12-02 02:44:00,482621,2015-12-02 03:41:00,482621,2015-12-02 03:41:00,482650,2015-12-02 04:10:00,482650,2015-12-02 04:10:00,482704,2015-12-02 05:04:00
110,482704,2015-12-02 05:04:00,482763,2015-12-02 06:03:00,482763,2015-12-02 06:03:00,482793,2015-12-02 06:33:00,482793,2015-12-02 06:33:00,482839,2015-12-02 07:19:00
111,482839,2015-12-02 07:19:00,482898,2015-12-02 08:18:00,482898,2015-12-02 08:18:00,482929,2015-12-02 08:49:00,482929,2015-12-02 08:49:00,482984,2015-12-02 09:44:00
112,482984,2015-12-02 09:44:00,483043,2015-12-02 10:43:00,483043,2015-12-02 10:43:00,483074,2015-12-02 11:14:00,483074,2015-12-02 11:14:00,483134,2015-12-02 12:14:00
113,483134,2015-12-02 12:14:00,483193,2015-12-02 13:13:00,483193,2015-12-02 13:13:00,483274,2015-12-02 14:34:00,483274,2015-12-02 14:34:00,483359,2015-12-02 15:59:00
114,483359,2015-12-02 15:59:00,483419,2015-12-02 16:59:00,483419,2015-12-02 16:59:00,483449,2015-12-02 17:29:00,483449,2015-12-02 17:29:00,483494,2015-12-02 18:14:00
115,483494,2015-12-02 18:14:00,483552,2015-12-02 19:12:00,483552,2015-12-02 19:12:00,483581,2015-12-02 19:41:00,483581,2015-12-02 19:41:00,483624,2015-12-02 20:24:00
116,483624,2015-12-02 20:24:00,483683,2015-12-02 21:23:00,483683,2015-12-02 21:23:00,483713,2015-12-02 21:53:00,483713,2015-12-02 21:53:00,483774,2015-12-02 22:54:00
117,483774,2015-12-02 22:54:00,483833,2015-12-02 23:53:00,483833,2015-12-02 23:53:00,483914,2015-12-03 01:14:00,483914,2015-12-03 01:14:00,484004,2015-12-03 02:44:00
118,484004,2015-12-03 02:44:00,484064,2015-12-03 03:44:00,484064,2015-12-03 03:44:00,484094,2015-12-03 04:14:00,484094,2015-12-03 04:14:00,484144,2015-12-03 05:04:00
119,484144,2015-12-03 05:04:00,484203,2015-12-03 06:03:00,484203,2015-12-03 06:03:00,484233,2015-12-03 06:33:00,484233,2015-12-03 06:33:00,484279,2015-12-03 07:19:00
120,484279,2015-12-03 07:19:00,484333,2015-12-03 08:13:00,484333,2015-12-03 08:13:00,484362,2015-12-03 08:42:00,484362,2015-12-03 08:42:00,484424,2015-12-03 09:44:00
121,484424,2015-12-03 09:44:00,484481,2015-12-03 10:41:00,484481,2015-12-03 10:41:00,484510,2015-12-03 11:10:00,484510,2015-12-03 11:10:00,484574,2015-12-03 12:14:00
122,484574,2015-12-03 12:14:00,484628,2015-12-03 13:08:00,484628,2015-12-03 13:08:00,484703,2015-12-03 14:23:00,484703,2015-12-03 14:23:00,484799,2015-12-03 15:59:00
123,484799,2015-12-03 15:59:00,484848,2015-12-03 16:48:00,484848,2015-12-03 16:48:00,484874,2015-12-03 17:14:00,484874,2015-12-03 17:14:00,484934,2015-12-03 18:14:00
124,484934,2015-12-03 18:14:00,484987,2015-12-03 19:07:00,484987,2015-12-03 19:07:00,485015,2015-12-03 19:35:00,485015,2015-12-03 19:35:00,485064,2015-12-03 20:24:00
125,485064,2015-12-03 20:24:00,485111,2015-12-03 21:11:00,485111,2015-12-03 21:11:00,485136,2015-12-03 21:36:00,485136,2015-12-03 21:36:00,485214,2015-12-03 22:54:00
126,485214,2015-12-03 22:54:00,485267,2015-12-03 23:47:00,485267,2015-12-03 23:47:00,485341,2015-12-04 01:01:00,485341,2015-12-04 01:01:00,485444,2015-12-04 02:44:00
127,485444,2015-12-04 02:44:00,485498,2015-12-04 03:38:00,485498,2015-12-04 03:38:00,485527,2015-12-04 04:07:00,485527,2015-12-04 04:07:00,485584,2015-12-04 05:04:00
128,485584,2015-12-04 05:04:00,485636,2015-12-04 05:56:00,485636,2015-12-04 05:56:00,485663,2015-12-04 06:23:00,485663,2015-12-04 06:23:00,485719,2015-12-04 07:19:00
129,485719,2015-12-04 07:19:00,485774,2015-12-04 08:14:00,485774,2015-12-04 08:14:00,485802,2015-12-04 08:42:00,485802,2015-12-04 08:42:00,485864,2015-12-04 09:44:00
130,485864,2015-12-04 09:44:00,485917,2015-12-04 10:37:00,485917,2015-12-04 10:37:00,485946,2015-12-04 11:06:00,485946,2015-12-04 11:06:00,486014,2015-12-04 12:14:00
131,486014,2015-12-04 12:14:00,486073,2015-12-04 13:13:00,486073,2015-12-04 13:13:00,486154,2015-12-04 14:34:00,486154,2015-12-04 14:34:00,486239,2015-12-04 15:59:00
132,486504,2015-12-04 20:24:00,486563,2015-12-04 21:23:00,486563,2015-12-04 21:23:00,486594,2015-12-04 21:54:00,486594,2015-12-04 21:54:00,486654,2015-12-04 22:54:00
133,486654,2015-12-04 22:54:00,486712,2015-12-04 23:52:00,486712,2015-12-04 23:52:00,486793,2015-12-05 01:13:00,486793,2015-12-05 01:13:00,486884,2015-12-05 02:44:00
134,486884,2015-12-05 02:44:00,486942,2015-12-05 03:42:00,486942,2015-12-05 03:42:00,486972,2015-12-05 04:12:00,486972,2015-12-05 04:12:00,487024,2015-12-05 05:04:00
135,487024,2015-12-05 05:04:00,487083,2015-12-05 06:03:00,487083,2015-12-05 06:03:00,487114,2015-12-05 06:34:00,487114,2015-12-05 06:34:00,487159,2015-12-05 07:19:00
136,487159,2015-12-05 07:19:00,487218,2015-12-05 08:18:00,487218,2015-12-05 08:18:00,487248,2015-12-05 08:48:00,487248,2015-12-05 08:48:00,487304,2015-12-05 09:44:00
137,487304,2015-12-05 09:44:00,487363,2015-12-05 10:43:00,487363,2015-12-05 10:43:00,487394,2015-12-05 11:14:00,487394,2015-12-05 11:14:00,487454,2015-12-05 12:14:00
138,487454,2015-12-05 12:14:00,487513,2015-12-05 13:13:00,487513,2015-12-05 13:13:00,487594,2015-12-05 14:34:00,487594,2015-12-05 14:34:00,487679,2015-12-05 15:59:00
139,487679,2015-12-05 15:59:00,487731,2015-12-05 16:51:00,487731,2015-12-05 16:51:00,487758,2015-12-05 17:18:00,487758,2015-12-05 17:18:00,487814,2015-12-05 18:14:00
140,487814,2015-12-05 18:14:00,487866,2015-12-05 19:06:00,487866,2015-12-05 19:06:00,487893,2015-12-05 19:33:00,487893,2015-12-05 19:33:00,487944,2015-12-05 20:24:00
141,487944,2015-12-05 20:24:00,487995,2015-12-05 21:15:00,487995,2015-12-05 21:15:00,488022,2015-12-05 21:42:00,488022,2015-12-05 21:42:00,488094,2015-12-05 22:54:00
142,488324,2015-12-06 02:44:00,488378,2015-12-06 03:38:00,488378,2015-12-06 03:38:00,488406,2015-12-06 04:06:00,488406,2015-12-06 04:06:00,488464,2015-12-06 05:04:00
143,488464,2015-12-06 05:04:00,488513,2015-12-06 05:53:00,488513,2015-12-06 05:53:00,488538,2015-12-06 06:18:00,488538,2015-12-06 06:18:00,488599,2015-12-06 07:19:00
144,488599,2015-12-06 07:19:00,488656,2015-12-06 08:16:00,488656,2015-12-06 08:16:00,488686,2015-12-06 08:46:00,488686,2015-12-06 08:46:00,488744,2015-12-06 09:44:00
145,488744,2015-12-06 09:44:00,488795,2015-12-06 10:35:00,488795,2015-12-06 10:35:00,488822,2015-12-06 11:02:00,488822,2015-12-06 11:02:00,488894,2015-12-06 12:14:00
146,488894,2015-12-06 12:14:00,488944,2015-12-06 13:04:00,488944,2015-12-06 13:04:00,489011,2015-12-06 14:11:00,489011,2015-12-06 14:11:00,489119,2015-12-06 15:59:00
147,489119,2015-12-06 15:59:00,489166,2015-12-06 16:46:00,489166,2015-12-06 16:46:00,489191,2015-12-06 17:11:00,489191,2015-12-06 17:11:00,489254,2015-12-06 18:14:00
148,489254,2015-12-06 18:14:00,489281,2015-12-06 18:41:00,489281,2015-12-06 18:41:00,489295,2015-12-06 18:55:00,489295,2015-12-06 18:55:00,489384,2015-12-06 20:24:00
149,489764,2015-12-07 02:44:00,489784,2015-12-07 03:04:00,489784,2015-12-07 03:04:00,489795,2015-12-07 03:15:00,489795,2015-12-07 03:15:00,489904,2015-12-07 05:04:00
150,490184,2015-12-07 09:44:00,490215,2015-12-07 10:15:00,490215,2015-12-07 10:15:00,490232,2015-12-07 10:32:00,490232,2015-12-07 10:32:00,490334,2015-12-07 12:14:00
151,490559,2015-12-07 15:59:00,490599,2015-12-07 16:39:00,490599,2015-12-07 16:39:00,490620,2015-12-07 17:00:00,490620,2015-12-07 17:00:00,490694,2015-12-07 18:14:00
152,490694,2015-12-07 18:14:00,490741,2015-12-07 19:01:00,490741,2015-12-07 19:01:00,490766,2015-12-07 19:26:00,490766,2015-12-07 19:26:00,490824,2015-12-07 20:24:00
153,490824,2015-12-07 20:24:00,490872,2015-12-07 21:12:00,490872,2015-12-07 21:12:00,490897,2015-12-07 21:37:00,490897,2015-12-07 21:37:00,490974,2015-12-07 22:54:00
154,491204,2015-12-08 02:44:00,491250,2015-12-08 03:30:00,491250,2015-12-08 03:30:00,491274,2015-12-08 03:54:00,491274,2015-12-08 03:54:00,491344,2015-12-08 05:04:00
155,491344,2015-12-08 05:04:00,491392,2015-12-08 05:52:00,491392,2015-12-08 05:52:00,491417,2015-12-08 06:17:00,491417,2015-12-08 06:17:00,491479,2015-12-08 07:19:00
156,491479,2015-12-08 07:19:00,491534,2015-12-08 08:14:00,491534,2015-12-08 08:14:00,491563,2015-12-08 08:43:00,491563,2015-12-08 08:43:00,491624,2015-12-08 09:44:00
157,491624,2015-12-08 09:44:00,491678,2015-12-08 10:38:00,491678,2015-12-08 10:38:00,491706,2015-12-08 11:06:00,491706,2015-12-08 11:06:00,491774,2015-12-08 12:14:00
158,491774,2015-12-08 12:14:00,491827,2015-12-08 13:07:00,491827,2015-12-08 13:07:00,491895,2015-12-08 14:15:00,491895,2015-12-08 14:15:00,491999,2015-12-08 15:59:00
159,491999,2015-12-08 15:59:00,492053,2015-12-08 16:53:00,492053,2015-12-08 16:53:00,492081,2015-12-08 17:21:00,492081,2015-12-08 17:21:00,492134,2015-12-08 18:14:00
160,492134,2015-12-08 18:14:00,492191,2015-12-08 19:11:00,492191,2015-12-08 19:11:00,492220,2015-12-08 19:40:00,492220,2015-12-08 19:40:00,492264,2015-12-08 20:24:00
161,492264,2015-12-08 20:24:00,492321,2015-12-08 21:21:00,492321,2015-12-08 21:21:00,492351,2015-12-08 21:51:00,492351,2015-12-08 21:51:00,492414,2015-12-08 22:54:00
162,492414,2015-12-08 22:54:00,492465,2015-12-08 23:45:00,492465,2015-12-08 23:45:00,492533,2015-12-09 00:53:00,492533,2015-12-09 00:53:00,492644,2015-12-09 02:44:00
163,492784,2015-12-09 05:04:00,492839,2015-12-09 05:59:00,492839,2015-12-09 05:59:00,492868,2015-12-09 06:28:00,492868,2015-12-09 06:28:00,492919,2015-12-09 07:19:00
164,492919,2015-12-09 07:19:00,492977,2015-12-09 08:17:00,492977,2015-12-09 08:17:00,493007,2015-12-09 08:47:00,493007,2015-12-09 08:47:00,493064,2015-12-09 09:44:00
165,493064,2015-12-09 09:44:00,493123,2015-12-09 10:43:00,493123,2015-12-09 10:43:00,493154,2015-12-09 11:14:00,493154,2015-12-09 11:14:00,493214,2015-12-09 12:14:00
166,493214,2015-12-09 12:14:00,493273,2015-12-09 13:13:00,493273,2015-12-09 13:13:00,493334,2015-12-09 14:14:00,493334,2015-12-09 14:14:00,493439,2015-12-09 15:59:00
167,493439,2015-12-09 15:59:00,493496,2015-12-09 16:56:00,493496,2015-12-09 16:56:00,493525,2015-12-09 17:25:00,493525,2015-12-09 17:25:00,493574,2015-12-09 18:14:00
168,493574,2015-12-09 18:14:00,493630,2015-12-09 19:10:00,493630,2015-12-09 19:10:00,493660,2015-12-09 19:40:00,493660,2015-12-09 19:40:00,493704,2015-12-09 20:24:00
169,493704,2015-12-09 20:24:00,493759,2015-12-09 21:19:00,493759,2015-12-09 21:19:00,493788,2015-12-09 21:48:00,493788,2015-12-09 21:48:00,493854,2015-12-09 22:54:00
170,493854,2015-12-09 22:54:00,493913,2015-12-09 23:53:00,493913,2015-12-09 23:53:00,493994,2015-12-10 01:14:00,493994,2015-12-10 01:14:00,494084,2015-12-10 02:44:00
171,494084,2015-12-10 02:44:00,494140,2015-12-10 03:40:00,494140,2015-12-10 03:40:00,494169,2015-12-10 04:09:00,494169,2015-12-10 04:09:00,494224,2015-12-10 05:04:00
172,494224,2015-12-10 05:04:00,494279,2015-12-10 05:59:00,494279,2015-12-10 05:59:00,494307,2015-12-10 06:27:00,494307,2015-12-10 06:27:00,494359,2015-12-10 07:19:00
173,494359,2015-12-10 07:19:00,494416,2015-12-10 08:16:00,494416,2015-12-10 08:16:00,494445,2015-12-10 08:45:00,494445,2015-12-10 08:45:00,494504,2015-12-10 09:44:00
174,494504,2015-12-10 09:44:00,494563,2015-12-10 10:43:00,494563,2015-12-10 10:43:00,494594,2015-12-10 11:14:00,494594,2015-12-10 11:14:00,494654,2015-12-10 12:14:00
175,494654,2015-12-10 12:14:00,494713,2015-12-10 13:13:00,494713,2015-12-10 13:13:00,494794,2015-12-10 14:34:00,494794,2015-12-10 14:34:00,494879,2015-12-10 15:59:00
176,494879,2015-12-10 15:59:00,494938,2015-12-10 16:58:00,494938,2015-12-10 16:58:00,494968,2015-12-10 17:28:00,494968,2015-12-10 17:28:00,495014,2015-12-10 18:14:00
177,495014,2015-12-10 18:14:00,495073,2015-12-10 19:13:00,495073,2015-12-10 19:13:00,495104,2015-12-10 19:44:00,495104,2015-12-10 19:44:00,495144,2015-12-10 20:24:00
178,495144,2015-12-10 20:24:00,495203,2015-12-10 21:23:00,495203,2015-12-10 21:23:00,495233,2015-12-10 21:53:00,495233,2015-12-10 21:53:00,495294,2015-12-10 22:54:00
179,495294,2015-12-10 22:54:00,495353,2015-12-10 23:53:00,495353,2015-12-10 23:53:00,495434,2015-12-11 01:14:00,495434,2015-12-11 01:14:00,495524,2015-12-11 02:44:00
180,495524,2015-12-11 02:44:00,495583,2015-12-11 03:43:00,495583,2015-12-11 03:43:00,495614,2015-12-11 04:14:00,495614,2015-12-11 04:14:00,495664,2015-12-11 05:04:00
181,495664,2015-12-11 05:04:00,495724,2015-12-11 06:04:00,495724,2015-12-11 06:04:00,495754,2015-12-11 06:34:00,495754,2015-12-11 06:34:00,495799,2015-12-11 07:19:00
182,495799,2015-12-11 07:19:00,495858,2015-12-11 08:18:00,495858,2015-12-11 08:18:00,495889,2015-12-11 08:49:00,495889,2015-12-11 08:49:00,495944,2015-12-11 09:44:00
183,495944,2015-12-11 09:44:00,496003,2015-12-11 10:43:00,496003,2015-12-11 10:43:00,496034,2015-12-11 11:14:00,496034,2015-12-11 11:14:00,496094,2015-12-11 12:14:00
184,496094,2015-12-11 12:14:00,496153,2015-12-11 13:13:00,496153,2015-12-11 13:13:00,496214,2015-12-11 14:14:00,496214,2015-12-11 14:14:00,496319,2015-12-11 15:59:00
185,496319,2015-12-11 15:59:00,496379,2015-12-11 16:59:00,496379,2015-12-11 16:59:00,496409,2015-12-11 17:29:00,496409,2015-12-11 17:29:00,496454,2015-12-11 18:14:00
186,496454,2015-12-11 18:14:00,496503,2015-12-11 19:03:00,496503,2015-12-11 19:03:00,496529,2015-12-11 19:29:00,496529,2015-12-11 19:29:00,496584,2015-12-11 20:24:00
187,496584,2015-12-11 20:24:00,496631,2015-12-11 21:11:00,496631,2015-12-11 21:11:00,496656,2015-12-11 21:36:00,496656,2015-12-11 21:36:00,496734,2015-12-11 22:54:00
188,496964,2015-12-12 02:44:00,497023,2015-12-12 03:43:00,497023,2015-12-12 03:43:00,497053,2015-12-12 04:13:00,497053,2015-12-12 04:13:00,497104,2015-12-12 05:04:00
189,497104,2015-12-12 05:04:00,497153,2015-12-12 05:53:00,497153,2015-12-12 05:53:00,497178,2015-12-12 06:18:00,497178,2015-12-12 06:18:00,497239,2015-12-12 07:19:00
190,497239,2015-12-12 07:19:00,497291,2015-12-12 08:11:00,497291,2015-12-12 08:11:00,497317,2015-12-12 08:37:00,497317,2015-12-12 08:37:00,497384,2015-12-12 09:44:00
191,497384,2015-12-12 09:44:00,497441,2015-12-12 10:41:00,497441,2015-12-12 10:41:00,497471,2015-12-12 11:11:00,497471,2015-12-12 11:11:00,497534,2015-12-12 12:14:00
192,497534,2015-12-12 12:14:00,497592,2015-12-12 13:12:00,497592,2015-12-12 13:12:00,497673,2015-12-12 14:33:00,497673,2015-12-12 14:33:00,497759,2015-12-12 15:59:00
193,497759,2015-12-12 15:59:00,497818,2015-12-12 16:58:00,497818,2015-12-12 16:58:00,497849,2015-12-12 17:29:00,497849,2015-12-12 17:29:00,497894,2015-12-12 18:14:00
194,497894,2015-12-12 18:14:00,497953,2015-12-12 19:13:00,497953,2015-12-12 19:13:00,497984,2015-12-12 19:44:00,497984,2015-12-12 19:44:00,498024,2015-12-12 20:24:00
195,498024,2015-12-12 20:24:00,498083,2015-12-12 21:23:00,498083,2015-12-12 21:23:00,498113,2015-12-12 21:53:00,498113,2015-12-12 21:53:00,498174,2015-12-12 22:54:00
196,498174,2015-12-12 22:54:00,498232,2015-12-12 23:52:00,498232,2015-12-12 23:52:00,498313,2015-12-13 01:13:00,498313,2015-12-13 01:13:00,498404,2015-12-13 02:44:00
197,498404,2015-12-13 02:44:00,498463,2015-12-13 03:43:00,498463,2015-12-13 03:43:00,498494,2015-12-13 04:14:00,498494,2015-12-13 04:14:00,498544,2015-12-13 05:04:00
198,498544,2015-12-13 05:04:00,498584,2015-12-13 05:44:00,498584,2015-12-13 05:44:00,498605,2015-12-13 06:05:00,498605,2015-12-13 06:05:00,498679,2015-12-13 07:19:00
199,498679,2015-12-13 07:19:00,498738,2015-12-13 08:18:00,498738,2015-12-13 08:18:00,498768,2015-12-13 08:48:00,498768,2015-12-13 08:48:00,498824,2015-12-13 09:44:00
200,498824,2015-12-13 09:44:00,498869,2015-12-13 10:29:00,498869,2015-12-13 10:29:00,498892,2015-12-13 10:52:00,498892,2015-12-13 10:52:00,498974,2015-12-13 12:14:00
201,498974,2015-12-13 12:14:00,499025,2015-12-13 13:05:00,499025,2015-12-13 13:05:00,499092,2015-12-13 14:12:00,499092,2015-12-13 14:12:00,499199,2015-12-13 15:59:00
202,499199,2015-12-13 15:59:00,499258,2015-12-13 16:58:00,499258,2015-12-13 16:58:00,499288,2015-12-13 17:28:00,499288,2015-12-13 17:28:00,499334,2015-12-13 18:14:00
203,499334,2015-12-13 18:14:00,499389,2015-12-13 19:09:00,499389,2015-12-13 19:09:00,499418,2015-12-13 19:38:00,499418,2015-12-13 19:38:00,499464,2015-12-13 20:24:00
204,499464,2015-12-13 20:24:00,499523,2015-12-13 21:23:00,499523,2015-12-13 21:23:00,499554,2015-12-13 21:54:00,499554,2015-12-13 21:54:00,499614,2015-12-13 22:54:00
205,499614,2015-12-13 22:54:00,499673,2015-12-13 23:53:00,499673,2015-12-13 23:53:00,499754,2015-12-14 01:14:00,499754,2015-12-14 01:14:00,499844,2015-12-14 02:44:00
206,499844,2015-12-14 02:44:00,499903,2015-12-14 03:43:00,499903,2015-12-14 03:43:00,499934,2015-12-14 04:14:00,499934,2015-12-14 04:14:00,499984,2015-12-14 05:04:00
207,499984,2015-12-14 05:04:00,500043,2015-12-14 06:03:00,500043,2015-12-14 06:03:00,500073,2015-12-14 06:33:00,500073,2015-12-14 06:33:00,500119,2015-12-14 07:19:00
208,500119,2015-12-14 07:19:00,500174,2015-12-14 08:14:00,500174,2015-12-14 08:14:00,500203,2015-12-14 08:43:00,500203,2015-12-14 08:43:00,500264,2015-12-14 09:44:00
209,500264,2015-12-14 09:44:00,500323,2015-12-14 10:43:00,500323,2015-12-14 10:43:00,500354,2015-12-14 11:14:00,500354,2015-12-14 11:14:00,500414,2015-12-14 12:14:00
210,500414,2015-12-14 12:14:00,500473,2015-12-14 13:13:00,500473,2015-12-14 13:13:00,500554,2015-12-14 14:34:00,500554,2015-12-14 14:34:00,500639,2015-12-14 15:59:00
211,500639,2015-12-14 15:59:00,500698,2015-12-14 16:58:00,500698,2015-12-14 16:58:00,500728,2015-12-14 17:28:00,500728,2015-12-14 17:28:00,500774,2015-12-14 18:14:00
212,500774,2015-12-14 18:14:00,500833,2015-12-14 19:13:00,500833,2015-12-14 19:13:00,500863,2015-12-14 19:43:00,500863,2015-12-14 19:43:00,500904,2015-12-14 20:24:00
213,500904,2015-12-14 20:24:00,500963,2015-12-14 21:23:00,500963,2015-12-14 21:23:00,500994,2015-12-14 21:54:00,500994,2015-12-14 21:54:00,501054,2015-12-14 22:54:00
214,501054,2015-12-14 22:54:00,501113,2015-12-14 23:53:00,501113,2015-12-14 23:53:00,501194,2015-12-15 01:14:00,501194,2015-12-15 01:14:00,501284,2015-12-15 02:44:00
215,501284,2015-12-15 02:44:00,501343,2015-12-15 03:43:00,501343,2015-12-15 03:43:00,501374,2015-12-15 04:14:00,501374,2015-12-15 04:14:00,501424,2015-12-15 05:04:00
216,501424,2015-12-15 05:04:00,501484,2015-12-15 06:04:00,501484,2015-12-15 06:04:00,501514,2015-12-15 06:34:00,501514,2015-12-15 06:34:00,501559,2015-12-15 07:19:00
217,501559,2015-12-15 07:19:00,501618,2015-12-15 08:18:00,501618,2015-12-15 08:18:00,501649,2015-12-15 08:49:00,501649,2015-12-15 08:49:00,501704,2015-12-15 09:44:00
218,501704,2015-12-15 09:44:00,501763,2015-12-15 10:43:00,501763,2015-12-15 10:43:00,501794,2015-12-15 11:14:00,501794,2015-12-15 11:14:00,501854,2015-12-15 12:14:00
219,501854,2015-12-15 12:14:00,501913,2015-12-15 13:13:00,501913,2015-12-15 13:13:00,501994,2015-12-15 14:34:00,501994,2015-12-15 14:34:00,502079,2015-12-15 15:59:00
220,502079,2015-12-15 15:59:00,502138,2015-12-15 16:58:00,502138,2015-12-15 16:58:00,502168,2015-12-15 17:28:00,502168,2015-12-15 17:28:00,502214,2015-12-15 18:14:00
221,502214,2015-12-15 18:14:00,502274,2015-12-15 19:14:00,502274,2015-12-15 19:14:00,502304,2015-12-15 19:44:00,502304,2015-12-15 19:44:00,502344,2015-12-15 20:24:00
222,502344,2015-12-15 20:24:00,502403,2015-12-15 21:23:00,502403,2015-12-15 21:23:00,502434,2015-12-15 21:54:00,502434,2015-12-15 21:54:00,502494,2015-12-15 22:54:00
223,502494,2015-12-15 22:54:00,502553,2015-12-15 23:53:00,502553,2015-12-15 23:53:00,502634,2015-12-16 01:14:00,502634,2015-12-16 01:14:00,502724,2015-12-16 02:44:00
224,502724,2015-12-16 02:44:00,502783,2015-12-16 03:43:00,502783,2015-12-16 03:43:00,502813,2015-12-16 04:13:00,502813,2015-12-16 04:13:00,502864,2015-12-16 05:04:00
225,502864,2015-12-16 05:04:00,502923,2015-12-16 06:03:00,502923,2015-12-16 06:03:00,502954,2015-12-16 06:34:00,502954,2015-12-16 06:34:00,502999,2015-12-16 07:19:00
226,502999,2015-12-16 07:19:00,503059,2015-12-16 08:19:00,503059,2015-12-16 08:19:00,503089,2015-12-16 08:49:00,503089,2015-12-16 08:49:00,503144,2015-12-16 09:44:00
227,503144,2015-12-16 09:44:00,503203,2015-12-16 10:43:00,503203,2015-12-16 10:43:00,503233,2015-12-16 11:13:00,503233,2015-12-16 11:13:00,503294,2015-12-16 12:14:00
228,503294,2015-12-16 12:14:00,503353,2015-12-16 13:13:00,503353,2015-12-16 13:13:00,503434,2015-12-16 14:34:00,503434,2015-12-16 14:34:00,503519,2015-12-16 15:59:00
229,503519,2015-12-16 15:59:00,503578,2015-12-16 16:58:00,503578,2015-12-16 16:58:00,503608,2015-12-16 17:28:00,503608,2015-12-16 17:28:00,503654,2015-12-16 18:14:00
230,503654,2015-12-16 18:14:00,503713,2015-12-16 19:13:00,503713,2015-12-16 19:13:00,503744,2015-12-16 19:44:00,503744,2015-12-16 19:44:00,503784,2015-12-16 20:24:00
231,503784,2015-12-16 20:24:00,503843,2015-12-16 21:23:00,503843,2015-12-16 21:23:00,503873,2015-12-16 21:53:00,503873,2015-12-16 21:53:00,503934,2015-12-16 22:54:00
232,503934,2015-12-16 22:54:00,503993,2015-12-16 23:53:00,503993,2015-12-16 23:53:00,504074,2015-12-17 01:14:00,504074,2015-12-17 01:14:00,504164,2015-12-17 02:44:00
233,504164,2015-12-17 02:44:00,504223,2015-12-17 03:43:00,504223,2015-12-17 03:43:00,504254,2015-12-17 04:14:00,504254,2015-12-17 04:14:00,504304,2015-12-17 05:04:00
234,504304,2015-12-17 05:04:00,504364,2015-12-17 06:04:00,504364,2015-12-17 06:04:00,504394,2015-12-17 06:34:00,504394,2015-12-17 06:34:00,504439,2015-12-17 07:19:00
235,504439,2015-12-17 07:19:00,504498,2015-12-17 08:18:00,504498,2015-12-17 08:18:00,504529,2015-12-17 08:49:00,504529,2015-12-17 08:49:00,504584,2015-12-17 09:44:00
236,504584,2015-12-17 09:44:00,504644,2015-12-17 10:44:00,504644,2015-12-17 10:44:00,504674,2015-12-17 11:14:00,504674,2015-12-17 11:14:00,504734,2015-12-17 12:14:00
237,504734,2015-12-17 12:14:00,504793,2015-12-17 13:13:00,504793,2015-12-17 13:13:00,504874,2015-12-17 14:34:00,504874,2015-12-17 14:34:00,504959,2015-12-17 15:59:00
238,504959,2015-12-17 15:59:00,505018,2015-12-17 16:58:00,505018,2015-12-17 16:58:00,505048,2015-12-17 17:28:00,505048,2015-12-17 17:28:00,505094,2015-12-17 18:14:00
239,505604,2015-12-18 02:44:00,505663,2015-12-18 03:43:00,505663,2015-12-18 03:43:00,505694,2015-12-18 04:14:00,505694,2015-12-18 04:14:00,505744,2015-12-18 05:04:00
240,505744,2015-12-18 05:04:00,505805,2015-12-18 06:05:00,505805,2015-12-18 06:05:00,505837,2015-12-18 06:37:00,505837,2015-12-18 06:37:00,505879,2015-12-18 07:19:00
241,505879,2015-12-18 07:19:00,505941,2015-12-18 08:21:00,505941,2015-12-18 08:21:00,505973,2015-12-18 08:53:00,505973,2015-12-18 08:53:00,506024,2015-12-18 09:44:00
242,506024,2015-12-18 09:44:00,506086,2015-12-18 10:46:00,506086,2015-12-18 10:46:00,506118,2015-12-18 11:18:00,506118,2015-12-18 11:18:00,506174,2015-12-18 12:14:00
243,506174,2015-12-18 12:14:00,506236,2015-12-18 13:16:00,506236,2015-12-18 13:16:00,506304,2015-12-18 14:24:00,506304,2015-12-18 14:24:00,506399,2015-12-18 15:59:00
244,506399,2015-12-18 15:59:00,506461,2015-12-18 17:01:00,506461,2015-12-18 17:01:00,506493,2015-12-18 17:33:00,506493,2015-12-18 17:33:00,506534,2015-12-18 18:14:00
245,506534,2015-12-18 18:14:00,506596,2015-12-18 19:16:00,506596,2015-12-18 19:16:00,506628,2015-12-18 19:48:00,506628,2015-12-18 19:48:00,506664,2015-12-18 20:24:00
246,506664,2015-12-18 20:24:00,506726,2015-12-18 21:26:00,506726,2015-12-18 21:26:00,506758,2015-12-18 21:58:00,506758,2015-12-18 21:58:00,506814,2015-12-18 22:54:00
247,506814,2015-12-18 22:54:00,506876,2015-12-18 23:56:00,506876,2015-12-18 23:56:00,506964,2015-12-19 01:24:00,506964,2015-12-19 01:24:00,507044,2015-12-19 02:44:00
248,507044,2015-12-19 02:44:00,507106,2015-12-19 03:46:00,507106,2015-12-19 03:46:00,507138,2015-12-19 04:18:00,507138,2015-12-19 04:18:00,507184,2015-12-19 05:04:00
249,507184,2015-12-19 05:04:00,507246,2015-12-19 06:06:00,507246,2015-12-19 06:06:00,507278,2015-12-19 06:38:00,507278,2015-12-19 06:38:00,507319,2015-12-19 07:19:00
250,507319,2015-12-19 07:19:00,507381,2015-12-19 08:21:00,507381,2015-12-19 08:21:00,507414,2015-12-19 08:54:00,507414,2015-12-19 08:54:00,507464,2015-12-19 09:44:00
251,507464,2015-12-19 09:44:00,507526,2015-12-19 10:46:00,507526,2015-12-19 10:46:00,507558,2015-12-19 11:18:00,507558,2015-12-19 11:18:00,507614,2015-12-19 12:14:00
252,507614,2015-12-19 12:14:00,507675,2015-12-19 13:15:00,507675,2015-12-19 13:15:00,507756,2015-12-19 14:36:00,507756,2015-12-19 14:36:00,507839,2015-12-19 15:59:00
253,507839,2015-12-19 15:59:00,507896,2015-12-19 16:56:00,507896,2015-12-19 16:56:00,507926,2015-12-19 17:26:00,507926,2015-12-19 17:26:00,507974,2015-12-19 18:14:00
254,507974,2015-12-19 18:14:00,508036,2015-12-19 19:16:00,508036,2015-12-19 19:16:00,508067,2015-12-19 19:47:00,508067,2015-12-19 19:47:00,508104,2015-12-19 20:24:00
255,508104,2015-12-19 20:24:00,508166,2015-12-19 21:26:00,508166,2015-12-19 21:26:00,508198,2015-12-19 21:58:00,508198,2015-12-19 21:58:00,508254,2015-12-19 22:54:00
256,508254,2015-12-19 22:54:00,508317,2015-12-19 23:57:00,508317,2015-12-19 23:57:00,508394,2015-12-20 01:14:00,508394,2015-12-20 01:14:00,508484,2015-12-20 02:44:00
257,508484,2015-12-20 02:44:00,508544,2015-12-20 03:44:00,508544,2015-12-20 03:44:00,508576,2015-12-20 04:16:00,508576,2015-12-20 04:16:00,508624,2015-12-20 05:04:00
258,508624,2015-12-20 05:04:00,508686,2015-12-20 06:06:00,508686,2015-12-20 06:06:00,508718,2015-12-20 06:38:00,508718,2015-12-20 06:38:00,508759,2015-12-20 07:19:00
259,508759,2015-12-20 07:19:00,508821,2015-12-20 08:21:00,508821,2015-12-20 08:21:00,508853,2015-12-20 08:53:00,508853,2015-12-20 08:53:00,508904,2015-12-20 09:44:00
260,508904,2015-12-20 09:44:00,508965,2015-12-20 10:45:00,508965,2015-12-20 10:45:00,508996,2015-12-20 11:16:00,508996,2015-12-20 11:16:00,509054,2015-12-20 12:14:00
261,509054,2015-12-20 12:14:00,509111,2015-12-20 13:11:00,509111,2015-12-20 13:11:00,509186,2015-12-20 14:26:00,509186,2015-12-20 14:26:00,509279,2015-12-20 15:59:00
262,509279,2015-12-20 15:59:00,509341,2015-12-20 17:01:00,509341,2015-12-20 17:01:00,509374,2015-12-20 17:34:00,509374,2015-12-20 17:34:00,509414,2015-12-20 18:14:00
263,509414,2015-12-20 18:14:00,509476,2015-12-20 19:16:00,509476,2015-12-20 19:16:00,509509,2015-12-20 19:49:00,509509,2015-12-20 19:49:00,509544,2015-12-20 20:24:00
264,509544,2015-12-20 20:24:00,509606,2015-12-20 21:26:00,509606,2015-12-20 21:26:00,509638,2015-12-20 21:58:00,509638,2015-12-20 21:58:00,509694,2015-12-20 22:54:00
265,509694,2015-12-20 22:54:00,509756,2015-12-20 23:56:00,509756,2015-12-20 23:56:00,509844,2015-12-21 01:24:00,509844,2015-12-21 01:24:00,509924,2015-12-21 02:44:00
266,509924,2015-12-21 02:44:00,509981,2015-12-21 03:41:00,509981,2015-12-21 03:41:00,510012,2015-12-21 04:12:00,510012,2015-12-21 04:12:00,510064,2015-12-21 05:04:00
267,510064,2015-12-21 05:04:00,510124,2015-12-21 06:04:00,510124,2015-12-21 06:04:00,510155,2015-12-21 06:35:00,510155,2015-12-21 06:35:00,510199,2015-12-21 07:19:00
268,510199,2015-12-21 07:19:00,510261,2015-12-21 08:21:00,510261,2015-12-21 08:21:00,510293,2015-12-21 08:53:00,510293,2015-12-21 08:53:00,510344,2015-12-21 09:44:00
269,510344,2015-12-21 09:44:00,510406,2015-12-21 10:46:00,510406,2015-12-21 10:46:00,510439,2015-12-21 11:19:00,510439,2015-12-21 11:19:00,510494,2015-12-21 12:14:00
270,510494,2015-12-21 12:14:00,510553,2015-12-21 13:13:00,510553,2015-12-21 13:13:00,510634,2015-12-21 14:34:00,510634,2015-12-21 14:34:00,510719,2015-12-21 15:59:00
271,510719,2015-12-21 15:59:00,510768,2015-12-21 16:48:00,510768,2015-12-21 16:48:00,510793,2015-12-21 17:13:00,510793,2015-12-21 17:13:00,510854,2015-12-21 18:14:00
272,510854,2015-12-21 18:14:00,510911,2015-12-21 19:11:00,510911,2015-12-21 19:11:00,510940,2015-12-21 19:40:00,510940,2015-12-21 19:40:00,510984,2015-12-21 20:24:00
273,510984,2015-12-21 20:24:00,511044,2015-12-21 21:24:00,511044,2015-12-21 21:24:00,511075,2015-12-21 21:55:00,511075,2015-12-21 21:55:00,511134,2015-12-21 22:54:00
274,511134,2015-12-21 22:54:00,511196,2015-12-21 23:56:00,511196,2015-12-21 23:56:00,511283,2015-12-22 01:23:00,511283,2015-12-22 01:23:00,511364,2015-12-22 02:44:00
275,511364,2015-12-22 02:44:00,511421,2015-12-22 03:41:00,511421,2015-12-22 03:41:00,511450,2015-12-22 04:10:00,511450,2015-12-22 04:10:00,511504,2015-12-22 05:04:00
276,511504,2015-12-22 05:04:00,511555,2015-12-22 05:55:00,511555,2015-12-22 05:55:00,511582,2015-12-22 06:22:00,511582,2015-12-22 06:22:00,511639,2015-12-22 07:19:00
277,511639,2015-12-22 07:19:00,511691,2015-12-22 08:11:00,511691,2015-12-22 08:11:00,511717,2015-12-22 08:37:00,511717,2015-12-22 08:37:00,511784,2015-12-22 09:44:00
278,511784,2015-12-22 09:44:00,511843,2015-12-22 10:43:00,511843,2015-12-22 10:43:00,511873,2015-12-22 11:13:00,511873,2015-12-22 11:13:00,511934,2015-12-22 12:14:00
279,511934,2015-12-22 12:14:00,511995,2015-12-22 13:15:00,511995,2015-12-22 13:15:00,512077,2015-12-22 14:37:00,512077,2015-12-22 14:37:00,512159,2015-12-22 15:59:00
280,512159,2015-12-22 15:59:00,512221,2015-12-22 17:01:00,512221,2015-12-22 17:01:00,512253,2015-12-22 17:33:00,512253,2015-12-22 17:33:00,512294,2015-12-22 18:14:00
281,512294,2015-12-22 18:14:00,512356,2015-12-22 19:16:00,512356,2015-12-22 19:16:00,512388,2015-12-22 19:48:00,512388,2015-12-22 19:48:00,512424,2015-12-22 20:24:00
282,512424,2015-12-22 20:24:00,512487,2015-12-22 21:27:00,512487,2015-12-22 21:27:00,512519,2015-12-22 21:59:00,512519,2015-12-22 21:59:00,512574,2015-12-22 22:54:00
283,512574,2015-12-22 22:54:00,512636,2015-12-22 23:56:00,512636,2015-12-22 23:56:00,512724,2015-12-23 01:24:00,512724,2015-12-23 01:24:00,512804,2015-12-23 02:44:00
284,512804,2015-12-23 02:44:00,512864,2015-12-23 03:44:00,512864,2015-12-23 03:44:00,512895,2015-12-23 04:15:00,512895,2015-12-23 04:15:00,512944,2015-12-23 05:04:00
285,512944,2015-12-23 05:04:00,513005,2015-12-23 06:05:00,513005,2015-12-23 06:05:00,513037,2015-12-23 06:37:00,513037,2015-12-23 06:37:00,513079,2015-12-23 07:19:00
286,513079,2015-12-23 07:19:00,513138,2015-12-23 08:18:00,513138,2015-12-23 08:18:00,513168,2015-12-23 08:48:00,513168,2015-12-23 08:48:00,513224,2015-12-23 09:44:00
287,513224,2015-12-23 09:44:00,513285,2015-12-23 10:45:00,513285,2015-12-23 10:45:00,513317,2015-12-23 11:17:00,513317,2015-12-23 11:17:00,513374,2015-12-23 12:14:00
288,513374,2015-12-23 12:14:00,513436,2015-12-23 13:16:00,513436,2015-12-23 13:16:00,513524,2015-12-23 14:44:00,513524,2015-12-23 14:44:00,513599,2015-12-23 15:59:00
289,513599,2015-12-23 15:59:00,513653,2015-12-23 16:53:00,513653,2015-12-23 16:53:00,513681,2015-12-23 17:21:00,513681,2015-12-23 17:21:00,513734,2015-12-23 18:14:00
290,513734,2015-12-23 18:14:00,513782,2015-12-23 19:02:00,513782,2015-12-23 19:02:00,513807,2015-12-23 19:27:00,513807,2015-12-23 19:27:00,513864,2015-12-23 20:24:00
291,513864,2015-12-23 20:24:00,513915,2015-12-23 21:15:00,513915,2015-12-23 21:15:00,513941,2015-12-23 21:41:00,513941,2015-12-23 21:41:00,514014,2015-12-23 22:54:00
292,514014,2015-12-23 22:54:00,514068,2015-12-23 23:48:00,514068,2015-12-23 23:48:00,514141,2015-12-24 01:01:00,514141,2015-12-24 01:01:00,514244,2015-12-24 02:44:00
293,514244,2015-12-24 02:44:00,514305,2015-12-24 03:45:00,514305,2015-12-24 03:45:00,514336,2015-12-24 04:16:00,514336,2015-12-24 04:16:00,514385,2015-12-24 05:05:00
294,514385,2015-12-24 05:05:00,514447,2015-12-24 06:07:00,514447,2015-12-24 06:07:00,514479,2015-12-24 06:39:00,514479,2015-12-24 06:39:00,514519,2015-12-24 07:19:00
295,514519,2015-12-24 07:19:00,514579,2015-12-24 08:19:00,514579,2015-12-24 08:19:00,514610,2015-12-24 08:50:00,514610,2015-12-24 08:50:00,514664,2015-12-24 09:44:00
296,514664,2015-12-24 09:44:00,514713,2015-12-24 10:33:00,514713,2015-12-24 10:33:00,514738,2015-12-24 10:58:00,514738,2015-12-24 10:58:00,514814,2015-12-24 12:14:00
297,514814,2015-12-24 12:14:00,514868,2015-12-24 13:08:00,514868,2015-12-24 13:08:00,514933,2015-12-24 14:13:00,514933,2015-12-24 14:13:00,515039,2015-12-24 15:59:00
298,515039,2015-12-24 15:59:00,515096,2015-12-24 16:56:00,515096,2015-12-24 16:56:00,515125,2015-12-24 17:25:00,515125,2015-12-24 17:25:00,515174,2015-12-24 18:14:00
299,515174,2015-12-24 18:14:00,515236,2015-12-24 19:16:00,515236,2015-12-24 19:16:00,515268,2015-12-24 19:48:00,515268,2015-12-24 19:48:00,515304,2015-12-24 20:24:00
300,515304,2015-12-24 20:24:00,515366,2015-12-24 21:26:00,515366,2015-12-24 21:26:00,515398,2015-12-24 21:58:00,515398,2015-12-24 21:58:00,515454,2015-12-24 22:54:00
301,515454,2015-12-24 22:54:00,515514,2015-12-24 23:54:00,515514,2015-12-24 23:54:00,515596,2015-12-25 01:16:00,515596,2015-12-25 01:16:00,515684,2015-12-25 02:44:00
302,515684,2015-12-25 02:44:00,515738,2015-12-25 03:38:00,515738,2015-12-25 03:38:00,515766,2015-12-25 04:06:00,515766,2015-12-25 04:06:00,515824,2015-12-25 05:04:00
303,515824,2015-12-25 05:04:00,515883,2015-12-25 06:03:00,515883,2015-12-25 06:03:00,515913,2015-12-25 06:33:00,515913,2015-12-25 06:33:00,515959,2015-12-25 07:19:00
304,515959,2015-12-25 07:19:00,516012,2015-12-25 08:12:00,516012,2015-12-25 08:12:00,516040,2015-12-25 08:40:00,516040,2015-12-25 08:40:00,516104,2015-12-25 09:44:00
305,516104,2015-12-25 09:44:00,516164,2015-12-25 10:44:00,516164,2015-12-25 10:44:00,516194,2015-12-25 11:14:00,516194,2015-12-25 11:14:00,516254,2015-12-25 12:14:00
306,516254,2015-12-25 12:14:00,516315,2015-12-25 13:15:00,516315,2015-12-25 13:15:00,516397,2015-12-25 14:37:00,516397,2015-12-25 14:37:00,516479,2015-12-25 15:59:00
307,516479,2015-12-25 15:59:00,516541,2015-12-25 17:01:00,516541,2015-12-25 17:01:00,516573,2015-12-25 17:33:00,516573,2015-12-25 17:33:00,516615,2015-12-25 18:15:00
308,516615,2015-12-25 18:15:00,516677,2015-12-25 19:17:00,516677,2015-12-25 19:17:00,516709,2015-12-25 19:49:00,516709,2015-12-25 19:49:00,516744,2015-12-25 20:24:00
309,516744,2015-12-25 20:24:00,516806,2015-12-25 21:26:00,516806,2015-12-25 21:26:00,516838,2015-12-25 21:58:00,516838,2015-12-25 21:58:00,516894,2015-12-25 22:54:00
310,516894,2015-12-25 22:54:00,516956,2015-12-25 23:56:00,516956,2015-12-25 23:56:00,517034,2015-12-26 01:14:00,517034,2015-12-26 01:14:00,517124,2015-12-26 02:44:00
311,517124,2015-12-26 02:44:00,517187,2015-12-26 03:47:00,517187,2015-12-26 03:47:00,517219,2015-12-26 04:19:00,517219,2015-12-26 04:19:00,517264,2015-12-26 05:04:00
312,517264,2015-12-26 05:04:00,517326,2015-12-26 06:06:00,517326,2015-12-26 06:06:00,517358,2015-12-26 06:38:00,517358,2015-12-26 06:38:00,517399,2015-12-26 07:19:00
313,517399,2015-12-26 07:19:00,517461,2015-12-26 08:21:00,517461,2015-12-26 08:21:00,517493,2015-12-26 08:53:00,517493,2015-12-26 08:53:00,517544,2015-12-26 09:44:00
314,517694,2015-12-26 12:14:00,517756,2015-12-26 13:16:00,517756,2015-12-26 13:16:00,517825,2015-12-26 14:25:00,517825,2015-12-26 14:25:00,517919,2015-12-26 15:59:00
315,517919,2015-12-26 15:59:00,517981,2015-12-26 17:01:00,517981,2015-12-26 17:01:00,518013,2015-12-26 17:33:00,518013,2015-12-26 17:33:00,518055,2015-12-26 18:15:00
316,518055,2015-12-26 18:15:00,518116,2015-12-26 19:16:00,518116,2015-12-26 19:16:00,518148,2015-12-26 19:48:00,518148,2015-12-26 19:48:00,518185,2015-12-26 20:25:00
317,518185,2015-12-26 20:25:00,518246,2015-12-26 21:26:00,518246,2015-12-26 21:26:00,518278,2015-12-26 21:58:00,518278,2015-12-26 21:58:00,518335,2015-12-26 22:55:00
318,518335,2015-12-26 22:55:00,518396,2015-12-26 23:56:00,518396,2015-12-26 23:56:00,518484,2015-12-27 01:24:00,518484,2015-12-27 01:24:00,518564,2015-12-27 02:44:00
319,518564,2015-12-27 02:44:00,518626,2015-12-27 03:46:00,518626,2015-12-27 03:46:00,518658,2015-12-27 04:18:00,518658,2015-12-27 04:18:00,518704,2015-12-27 05:04:00
320,518704,2015-12-27 05:04:00,518766,2015-12-27 06:06:00,518766,2015-12-27 06:06:00,518798,2015-12-27 06:38:00,518798,2015-12-27 06:38:00,518839,2015-12-27 07:19:00
321,518839,2015-12-27 07:19:00,518901,2015-12-27 08:21:00,518901,2015-12-27 08:21:00,518933,2015-12-27 08:53:00,518933,2015-12-27 08:53:00,518984,2015-12-27 09:44:00
322,518984,2015-12-27 09:44:00,519046,2015-12-27 10:46:00,519046,2015-12-27 10:46:00,519079,2015-12-27 11:19:00,519079,2015-12-27 11:19:00,519134,2015-12-27 12:14:00
323,519134,2015-12-27 12:14:00,519196,2015-12-27 13:16:00,519196,2015-12-27 13:16:00,519284,2015-12-27 14:44:00,519284,2015-12-27 14:44:00,519359,2015-12-27 15:59:00
324,519359,2015-12-27 15:59:00,519421,2015-12-27 17:01:00,519421,2015-12-27 17:01:00,519453,2015-12-27 17:33:00,519453,2015-12-27 17:33:00,519494,2015-12-27 18:14:00
325,519494,2015-12-27 18:14:00,519556,2015-12-27 19:16:00,519556,2015-12-27 19:16:00,519588,2015-12-27 19:48:00,519588,2015-12-27 19:48:00,519624,2015-12-27 20:24:00
326,519624,2015-12-27 20:24:00,519686,2015-12-27 21:26:00,519686,2015-12-27 21:26:00,519718,2015-12-27 21:58:00,519718,2015-12-27 21:58:00,519774,2015-12-27 22:54:00
327,519774,2015-12-27 22:54:00,519836,2015-12-27 23:56:00,519836,2015-12-27 23:56:00,519924,2015-12-28 01:24:00,519924,2015-12-28 01:24:00,520004,2015-12-28 02:44:00
328,520004,2015-12-28 02:44:00,520066,2015-12-28 03:46:00,520066,2015-12-28 03:46:00,520098,2015-12-28 04:18:00,520098,2015-12-28 04:18:00,520144,2015-12-28 05:04:00
329,520144,2015-12-28 05:04:00,520206,2015-12-28 06:06:00,520206,2015-12-28 06:06:00,520238,2015-12-28 06:38:00,520238,2015-12-28 06:38:00,520279,2015-12-28 07:19:00
330,520279,2015-12-28 07:19:00,520341,2015-12-28 08:21:00,520341,2015-12-28 08:21:00,520373,2015-12-28 08:53:00,520373,2015-12-28 08:53:00,520424,2015-12-28 09:44:00
331,520424,2015-12-28 09:44:00,520486,2015-12-28 10:46:00,520486,2015-12-28 10:46:00,520518,2015-12-28 11:18:00,520518,2015-12-28 11:18:00,520574,2015-12-28 12:14:00
332,520574,2015-12-28 12:14:00,520636,2015-12-28 13:16:00,520636,2015-12-28 13:16:00,520724,2015-12-28 14:44:00,520724,2015-12-28 14:44:00,520799,2015-12-28 15:59:00
333,520799,2015-12-28 15:59:00,520862,2015-12-28 17:02:00,520862,2015-12-28 17:02:00,520894,2015-12-28 17:34:00,520894,2015-12-28 17:34:00,520934,2015-12-28 18:14:00
334,520934,2015-12-28 18:14:00,520996,2015-12-28 19:16:00,520996,2015-12-28 19:16:00,521027,2015-12-28 19:47:00,521027,2015-12-28 19:47:00,521064,2015-12-28 20:24:00
335,521064,2015-12-28 20:24:00,521126,2015-12-28 21:26:00,521126,2015-12-28 21:26:00,521158,2015-12-28 21:58:00,521158,2015-12-28 21:58:00,521214,2015-12-28 22:54:00
336,521214,2015-12-28 22:54:00,521276,2015-12-28 23:56:00,521276,2015-12-28 23:56:00,521364,2015-12-29 01:24:00,521364,2015-12-29 01:24:00,521444,2015-12-29 02:44:00
337,521444,2015-12-29 02:44:00,521506,2015-12-29 03:46:00,521506,2015-12-29 03:46:00,521538,2015-12-29 04:18:00,521538,2015-12-29 04:18:00,521584,2015-12-29 05:04:00
338,521584,2015-12-29 05:04:00,521646,2015-12-29 06:06:00,521646,2015-12-29 06:06:00,521678,2015-12-29 06:38:00,521678,2015-12-29 06:38:00,521719,2015-12-29 07:19:00
339,521719,2015-12-29 07:19:00,521781,2015-12-29 08:21:00,521781,2015-12-29 08:21:00,521813,2015-12-29 08:53:00,521813,2015-12-29 08:53:00,521864,2015-12-29 09:44:00
340,521864,2015-12-29 09:44:00,521926,2015-12-29 10:46:00,521926,2015-12-29 10:46:00,521958,2015-12-29 11:18:00,521958,2015-12-29 11:18:00,522014,2015-12-29 12:14:00
341,522014,2015-12-29 12:14:00,522076,2015-12-29 13:16:00,522076,2015-12-29 13:16:00,522164,2015-12-29 14:44:00,522164,2015-12-29 14:44:00,522239,2015-12-29 15:59:00
342,522239,2015-12-29 15:59:00,522301,2015-12-29 17:01:00,522301,2015-12-29 17:01:00,522333,2015-12-29 17:33:00,522333,2015-12-29 17:33:00,522374,2015-12-29 18:14:00
343,522374,2015-12-29 18:14:00,522436,2015-12-29 19:16:00,522436,2015-12-29 19:16:00,522468,2015-12-29 19:48:00,522468,2015-12-29 19:48:00,522504,2015-12-29 20:24:00
344,522504,2015-12-29 20:24:00,522567,2015-12-29 21:27:00,522567,2015-12-29 21:27:00,522599,2015-12-29 21:59:00,522599,2015-12-29 21:59:00,522654,2015-12-29 22:54:00
345,522654,2015-12-29 22:54:00,522716,2015-12-29 23:56:00,522716,2015-12-29 23:56:00,522804,2015-12-30 01:24:00,522804,2015-12-30 01:24:00,522884,2015-12-30 02:44:00
346,522884,2015-12-30 02:44:00,522946,2015-12-30 03:46:00,522946,2015-12-30 03:46:00,522978,2015-12-30 04:18:00,522978,2015-12-30 04:18:00,523024,2015-12-30 05:04:00
347,523024,2015-12-30 05:04:00,523086,2015-12-30 06:06:00,523086,2015-12-30 06:06:00,523118,2015-12-30 06:38:00,523118,2015-12-30 06:38:00,523159,2015-12-30 07:19:00
348,523159,2015-12-30 07:19:00,523221,2015-12-30 08:21:00,523221,2015-12-30 08:21:00,523253,2015-12-30 08:53:00,523253,2015-12-30 08:53:00,523304,2015-12-30 09:44:00
349,523304,2015-12-30 09:44:00,523366,2015-12-30 10:46:00,523366,2015-12-30 10:46:00,523398,2015-12-30 11:18:00,523398,2015-12-30 11:18:00,523454,2015-12-30 12:14:00
350,523454,2015-12-30 12:14:00,523516,2015-12-30 13:16:00,523516,2015-12-30 13:16:00,523604,2015-12-30 14:44:00,523604,2015-12-30 14:44:00,523679,2015-12-30 15:59:00
351,523679,2015-12-30 15:59:00,523741,2015-12-30 17:01:00,523741,2015-12-30 17:01:00,523773,2015-12-30 17:33:00,523773,2015-12-30 17:33:00,523814,2015-12-30 18:14:00
352,523814,2015-12-30 18:14:00,523876,2015-12-30 19:16:00,523876,2015-12-30 19:16:00,523909,2015-12-30 19:49:00,523909,2015-12-30 19:49:00,523944,2015-12-30 20:24:00
353,523944,2015-12-30 20:24:00,524007,2015-12-30 21:27:00,524007,2015-12-30 21:27:00,524039,2015-12-30 21:59:00,524039,2015-12-30 21:59:00,524094,2015-12-30 22:54:00
354,524094,2015-12-30 22:54:00,524157,2015-12-30 23:57:00,524157,2015-12-30 23:57:00,524245,2015-12-31 01:25:00,524245,2015-12-31 01:25:00,524324,2015-12-31 02:44:00
355,524324,2015-12-31 02:44:00,524386,2015-12-31 03:46:00,524386,2015-12-31 03:46:00,524418,2015-12-31 04:18:00,524418,2015-12-31 04:18:00,524464,2015-12-31 05:04:00
356,524464,2015-12-31 05:04:00,524526,2015-12-31 06:06:00,524526,2015-12-31 06:06:00,524558,2015-12-31 06:38:00,524558,2015-12-31 06:38:00,524599,2015-12-31 07:19:00
357,524599,2015-12-31 07:19:00,524661,2015-12-31 08:21:00,524661,2015-12-31 08:21:00,524693,2015-12-31 08:53:00,524693,2015-12-31 08:53:00,524744,2015-12-31 09:44:00
358,524744,2015-12-31 09:44:00,524806,2015-12-31 10:46:00,524806,2015-12-31 10:46:00,524838,2015-12-31 11:18:00,524838,2015-12-31 11:18:00,524894,2015-12-31 12:14:00
359,524894,2015-12-31 12:14:00,524956,2015-12-31 13:16:00,524956,2015-12-31 13:16:00,525044,2015-12-31 14:44:00,525044,2015-12-31 14:44:00,525119,2015-12-31 15:59:00
360,525119,2015-12-31 15:59:00,525181,2015-12-31 17:01:00,525181,2015-12-31 17:01:00,525213,2015-12-31 17:33:00,525213,2015-12-31 17:33:00,525254,2015-12-31 18:14:00
361,525254,2015-12-31 18:14:00,525316,2015-12-31 19:16:00,525316,2015-12-31 19:16:00,525348,2015-12-31 19:48:00,525348,2015-12-31 19:48:00,525384,2015-12-31 20:24:00
362,525384,2015-12-31 20:24:00,525447,2015-12-31 21:27:00,525447,2015-12-31 21:27:00,525479,2015-12-31 21:59:00,525479,2015-12-31 21:59:00,525534,2015-12-31 22:54:00
